GrLivArea,LotArea,TotalBsmtSF,BsmtUnfSF,GarageArea,YearBuilt,LotFrontage,YearRemodAdd,BsmtFinSF1,OpenPorchSF,SalePrice
1710,8450,856,150,548,2003,65.0,2003,706,61,208500
1262,9600,1262,284,460,1976,80.0,1976,978,0,181500
1786,11250,920,434,608,2001,68.0,2002,486,42,223500
1717,9550,756,540,642,1915,60.0,1970,216,35,140000
2198,14260,1145,490,836,2000,84.0,2000,655,84,250000
1362,14115,796,64,480,1993,85.0,1995,732,30,143000
1694,10084,1686,317,636,2004,75.0,2005,1369,57,307000
2090,10382,1107,216,484,1973,70.04995836802665,1973,859,204,200000
1774,6120,952,952,468,1931,51.0,1950,0,0,129900
1077,7420,991,140,205,1939,50.0,1950,851,4,118000
1040,11200,1040,134,384,1965,70.0,1965,906,0,129500
2324,11924,1175,177,736,2005,85.0,2006,998,21,345000
912,12968,912,175,352,1962,70.04995836802665,1962,737,0,144000
1494,10652,1494,1494,840,2006,91.0,2007,0,33,279500
1253,10920,1253,520,352,1960,70.04995836802665,1960,733,213,157000
854,6120,832,832,576,1929,51.0,2001,0,112,132000
1004,11241,1004,426,480,1970,70.04995836802665,1970,578,0,149000
1296,10791,0,0,516,1967,72.0,1967,0,0,90000
1114,13695,1114,468,576,2004,66.0,2004,646,102,159000
1339,7560,1029,525,294,1958,70.0,1965,504,0,139000
2376,14215,1158,1158,853,2005,101.0,2006,0,154,325300
1108,7449,637,637,280,1930,57.0,1950,0,0,139400
1795,9742,1777,1777,534,2002,75.0,2002,0,159,230000
1060,4224,1040,200,572,1976,44.0,1976,840,110,129900
1060,8246,1060,204,270,1968,70.04995836802665,2001,188,90,154000
1600,14230,1566,1566,890,2007,110.0,2007,0,56,256300
900,7200,900,180,576,1951,60.0,2000,234,32,134800
1704,11478,1704,486,772,2007,98.0,2008,1218,50,306000
1600,16321,1484,207,319,1957,47.0,1997,1277,258,207500
520,6324,520,520,240,1927,60.0,1950,0,0,68500
1317,8500,649,649,250,1920,50.0,1950,0,54,40000
1228,8544,1228,1228,271,1966,70.04995836802665,2006,0,65,149350
1234,11049,1234,1234,484,2007,85.0,2007,0,30,179900
1700,10552,1398,380,447,1959,70.0,1959,1018,38,165500
1561,7313,1561,408,556,2005,60.0,2005,1153,47,277500
2452,13418,1117,1117,691,2004,108.0,2005,0,32,309000
1097,10859,1097,1097,672,1994,112.0,1995,0,64,145000
1297,8532,1297,84,498,1954,74.0,1990,1213,0,153000
1057,7922,1057,326,246,1953,68.0,2007,731,52,109000
1152,6040,0,0,0,1955,65.0,1955,0,0,82000
1324,8658,1088,445,440,1965,84.0,1965,643,138,160000
1328,16905,1350,383,308,1959,115.0,1959,967,104,170000
884,9180,840,0,504,1983,70.04995836802665,1983,747,0,144000
938,9200,938,167,308,1975,70.04995836802665,1980,280,0,130250
1150,7945,1150,465,300,1959,70.0,1959,179,0,141000
1752,7658,1752,1296,576,2005,61.0,2005,456,82,319900
2149,12822,1434,83,670,2003,48.0,2003,1351,43,239686
1656,11096,1656,1632,826,2006,84.0,2006,24,146,249700
1452,4456,736,736,0,1920,33.0,2008,0,0,113000
955,7742,955,192,386,1966,66.0,1966,763,0,127000
1470,13869,794,612,388,1997,70.04995836802665,1997,182,75,177000
1176,6240,816,816,528,1934,52.0,1950,0,0,114500
816,8472,816,0,516,1963,110.0,1963,104,0,110000
1842,50271,1842,32,894,1981,68.0,1987,1810,72,385000
1360,7134,384,0,572,1955,60.0,1955,384,50,130000
1425,10175,1425,935,576,1964,100.0,1964,490,0,180500
1739,2645,970,321,480,1999,24.0,2000,649,0,172500
1720,11645,860,860,565,2004,89.0,2004,0,70,196500
2945,13682,1410,1410,641,2006,66.0,2006,0,0,438780
780,7200,780,148,352,1972,60.0,1972,632,0,124900
1158,13072,1158,217,576,2004,63.0,2004,941,50,158000
1111,7200,530,530,288,1920,60.0,1996,0,0,101000
1370,6442,1370,1346,484,2006,44.0,2006,24,49,202500
1710,10300,576,576,480,1921,50.0,1950,0,11,140000
2034,9375,1057,318,645,1997,70.04995836802665,1998,739,36,219500
2473,9591,1143,1143,852,2004,76.0,2005,0,151,317000
2207,19900,1947,1035,576,1970,70.04995836802665,1989,912,0,180000
1479,10665,1453,440,558,2003,72.0,2003,1013,29,226000
747,4608,747,747,220,1945,47.0,1950,0,0,80000
2287,15593,1304,701,667,1953,81.0,1953,603,21,225000
2223,13651,2223,343,516,1973,95.0,1973,1880,0,244000
845,7599,845,280,360,1982,69.0,2006,565,0,129500
1718,10141,832,832,427,1998,74.0,1998,0,94,185000
1086,10200,1086,404,490,1954,85.0,2003,320,0,144900
1605,5790,840,840,379,1915,60.0,1950,0,0,107400
988,1596,462,0,297,1973,21.0,1973,462,101,91000
952,8475,952,724,283,1956,70.04995836802665,1956,228,0,135750
1285,8635,672,295,240,1948,50.0,2001,336,0,127000
1768,10778,1768,1768,0,1968,72.0,1968,0,0,136500
1230,10440,440,440,440,1910,60.0,1981,0,0,110000
2142,13000,896,448,509,1968,100.0,1968,448,72,193500
1337,4500,1237,36,405,1998,32.0,1998,1201,199,153500
1563,10206,1563,1530,758,2007,78.0,2007,33,99,245000
1065,8892,1065,1065,461,1960,80.0,1960,0,0,126500
1474,8530,384,384,400,1995,70.04995836802665,1996,0,72,168500
2417,16059,1288,1288,462,1991,121.0,1992,0,82,260000
1560,11911,684,684,400,2005,122.0,2005,0,38,174000
1224,3951,612,612,528,2009,40.0,2009,0,234,164500
1526,8470,1013,1013,0,1915,105.0,1982,0,0,85000
990,8070,990,402,0,1994,60.0,1995,588,0,123600
1040,7200,0,0,420,1950,60.0,1950,0,29,109900
1235,8500,1235,635,480,1961,85.0,1961,600,0,98600
964,13360,876,163,432,1921,80.0,2006,713,0,163500
2291,7200,1214,168,506,1910,60.0,1998,1046,0,133900
1786,9337,824,176,684,1997,69.0,1997,648,162,204750
1470,9765,680,370,420,1993,70.04995836802665,1993,310,63,185000
1588,10264,1588,426,472,1999,78.0,1999,1162,29,214000
960,10921,960,440,432,1965,73.0,1965,520,0,94750
835,10625,458,350,366,1920,85.0,1950,108,0,83000
1225,9320,950,381,0,1959,77.0,1959,569,0,128950
1610,10603,1610,410,480,1977,70.04995836802665,2001,1200,68,205000
1732,9206,741,741,476,1985,77.0,1985,0,46,178000
1535,7018,0,0,410,1979,64.0,1979,0,0,118964
1226,10402,1226,1226,740,2009,94.0,2009,0,36,198900
1818,7758,1040,816,240,1931,70.04995836802665,1950,224,0,169500
1992,9375,1053,1053,648,2003,75.0,2004,0,45,250000
1047,10800,641,641,273,1885,60.0,1995,0,0,100000
789,6000,789,516,250,1948,50.0,1950,104,0,115000
1517,8500,793,793,0,1919,85.0,2005,0,0,115000
1844,11751,1844,1139,546,1977,105.0,1977,705,122,190000
1855,9525,994,550,325,1954,75.0,1972,444,0,136900
1430,7750,384,134,400,2000,70.04995836802665,2000,250,0,180000
2696,9965,1264,280,792,2007,77.0,2007,984,184,383970
2259,21000,1809,905,450,1953,70.04995836802665,1953,35,120,217000
2320,7259,1028,104,180,1945,61.0,2002,774,0,259500
1458,3230,729,310,440,1999,34.0,1999,419,32,176000
1092,11616,1092,252,288,1962,70.04995836802665,1962,170,20,139000
1125,8536,1125,1125,430,2006,74.0,2007,0,64,155000
3222,12376,1673,203,594,1990,90.0,1990,1470,0,320000
1456,8461,728,728,390,2005,65.0,2006,0,24,163990
988,21453,938,0,540,1969,70.04995836802665,1969,938,130,180000
1123,6060,732,732,264,1939,50.0,1950,0,0,100000
1080,9464,1080,510,288,1958,75.0,1958,570,0,136000
1199,7892,1199,899,530,1993,55.0,1993,300,63,153900
1586,17043,1362,1362,435,1979,48.0,1998,0,0,181000
754,6780,520,30,0,1935,60.0,1982,490,0,84500
958,4928,1078,958,440,1976,70.04995836802665,1976,120,205,128000
840,4388,672,556,0,1930,55.0,1950,116,0,87000
1348,7590,660,148,453,1966,69.0,1966,512,108,155000
1053,8973,1008,413,750,1958,69.0,1991,567,80,150000
2157,14200,924,479,487,1966,88.0,1966,445,66,226000
2054,12224,992,297,390,2000,70.04995836802665,2000,695,48,244000
1327,7388,1063,658,624,1959,75.0,2002,405,0,150750
1296,6853,1267,262,471,2001,70.04995836802665,2002,1005,25,220000
1721,10335,1461,891,440,1968,78.0,1993,570,96,180000
1682,10400,1304,1304,530,1970,80.0,1970,0,0,174000
1214,10355,1214,519,318,1967,70.04995836802665,1967,695,111,143000
1959,11070,1907,1907,766,1988,82.0,1989,0,0,171000
1852,9066,1004,336,660,1999,73.0,2000,668,106,230000
1764,15426,928,107,470,1997,65.0,1997,821,99,231500
864,10500,864,432,0,1971,70.0,1971,432,0,115000
1734,11645,1734,434,660,2005,78.0,2005,1300,24,260000
1385,8520,910,403,720,1952,71.0,1952,507,0,166000
1501,10335,1490,811,577,1999,78.0,1999,679,29,204000
1728,9100,1728,396,504,1963,70.0,1963,1332,0,125000
1709,2522,970,970,380,2004,24.0,2006,0,40,130000
875,6120,715,506,180,1931,51.0,1993,209,0,105000
2035,9505,884,884,434,2001,70.04995836802665,2001,0,48,222500
1080,7500,1080,400,0,2004,63.0,2005,680,0,141000
1344,6240,896,896,240,1936,70.04995836802665,1950,0,114,115000
969,10356,969,253,440,1975,120.0,1975,716,0,122000
1710,13891,1710,310,866,2007,107.0,2008,1400,102,372402
1993,14803,825,409,495,1971,70.04995836802665,1971,416,66,190000
1252,13500,1602,93,564,1960,70.04995836802665,1975,429,0,235000
1200,11340,1200,1200,312,1923,84.0,1950,0,0,125000
1096,9600,572,572,0,1924,60.0,1950,0,8,79000
1040,7200,0,0,625,1950,60.0,1950,0,0,109500
1968,12003,774,774,680,2009,92.0,2010,0,75,269500
1947,12552,991,769,678,2004,100.0,2005,222,136,254900
2462,19378,1392,1335,576,2005,134.0,2006,57,132,320000
1232,11120,1232,572,516,1984,70.04995836802665,1984,660,0,162500
2668,13688,1572,556,726,2003,110.0,2004,1016,0,412500
1541,12182,1541,340,532,2005,95.0,2005,1201,70,220000
882,5500,882,882,0,1956,55.0,1956,0,0,103200
1616,5400,1149,779,216,1926,40.0,2004,370,0,152000
1355,10106,644,112,0,1940,62.0,1999,351,0,127500
1867,10708,1617,470,303,1955,70.04995836802665,1993,379,0,190000
2161,10562,1582,294,789,2007,86.0,2007,1288,120,325624
1720,8244,840,840,440,2004,62.0,2004,0,48,183500
1707,16669,1686,1686,511,1981,70.04995836802665,1981,0,64,228000
1382,12358,720,360,660,1941,70.04995836802665,1950,360,0,128500
1656,31770,1080,441,528,1960,141.0,1960,639,62,215000
1767,5306,1064,354,504,1987,44.0,1987,495,35,239000
1362,10197,1362,700,504,1961,80.0,1961,288,20,163000
1651,12416,1606,0,616,1986,47.0,1986,1398,0,184000
2158,12615,1202,725,576,1950,84.0,2001,477,29,243000
2060,10029,1151,320,521,1988,97.0,1989,831,228,211000
1920,13650,1052,554,451,1958,70.04995836802665,1958,57,0,172500
2234,17423,2216,312,1166,2008,63.0,2009,1904,60,501837
968,8520,968,968,480,1923,60.0,2006,0,0,100000
1525,2117,756,320,440,2000,70.04995836802665,2000,436,0,177000
1802,7588,793,441,216,1920,54.0,1950,352,0,200100
1340,9060,0,0,252,1957,60.0,2006,0,0,120000
2082,11426,1362,1362,484,2003,63.0,2003,0,238,200000
1252,7438,504,504,576,1908,92.0,1991,0,0,127000
3608,22950,1107,1107,840,1892,90.0,1993,0,260,475000
1217,9947,1188,577,497,1990,70.04995836802665,1991,611,27,173000
1656,10410,660,660,180,1916,60.0,1987,0,0,135000
1224,7018,1086,0,528,1979,64.0,1979,1086,0,153337
1593,4923,1593,440,682,2001,41.0,2002,1153,120,286000
2727,10570,853,556,440,1932,70.0,1994,297,74,315000
1479,7472,725,99,484,1972,70.04995836802665,2004,626,32,184000
1431,9017,1431,871,666,1999,68.0,1999,560,35,192000
1709,2522,970,970,380,2004,24.0,2004,0,40,130000
864,7180,864,474,352,1972,60.0,1972,390,0,127000
1456,2280,855,289,440,1976,24.0,1976,566,0,148500
1726,9416,1726,600,786,2007,79.0,2007,1126,138,311872
3112,25419,1360,140,795,1918,174.0,1990,1036,16,235000
2229,5520,755,755,0,1912,92.0,1950,0,198,104000
1713,9591,1713,625,856,2004,76.0,2005,1088,26,274900
1121,8546,1121,1121,440,2003,80.0,2004,0,64,140000
1279,10125,1196,276,473,1977,75.0,1977,641,83,171500
1310,7000,617,0,398,1924,50.0,1950,617,0,112000
848,4438,848,186,420,2004,70.04995836802665,2004,662,0,149000
1284,3500,720,408,240,1947,50.0,1950,312,35,110000
1442,11851,1424,1424,500,1990,99.0,1990,0,34,180500
1696,13673,1140,1140,349,1962,40.0,1962,0,30,143900
1100,12493,1100,375,312,1960,70.04995836802665,1960,419,0,141000
2062,14364,1157,92,454,1988,70.04995836802665,1989,1065,55,277000
1092,8250,1092,305,504,1964,75.0,1964,787,0,145000
864,5604,864,396,0,1925,67.0,1950,468,0,98000
1212,10420,1212,1176,460,2009,83.0,2009,36,22,186000
1852,8640,900,78,644,2009,72.0,2009,822,108,252678
990,13568,990,274,576,1995,43.0,1995,716,0,156000
1392,10900,689,311,299,1977,70.04995836802665,1977,378,36,161750
1236,10011,1070,710,447,1957,72.0,1996,360,0,134450
1436,8450,1436,490,484,2004,65.0,2004,946,98,210000
1328,9906,686,686,210,1925,57.0,1950,0,172,107000
1954,15660,798,457,431,1939,70.04995836802665,2006,341,119,311500
1248,3010,1248,1232,438,2005,43.0,2006,16,0,167240
1498,8990,1498,1498,675,2006,73.0,2006,0,33,204900
2267,8068,1010,1010,390,2002,70.04995836802665,2002,0,46,200000
1552,11475,713,163,434,1975,85.0,1975,550,208,179900
864,10500,864,160,576,1971,70.0,1971,524,0,97000
2392,13472,2392,2336,968,2003,103.0,2003,56,105,386250
1302,1680,630,630,280,1971,21.0,1971,0,0,112000
2520,9950,1203,638,721,1995,82.0,1995,565,114,290000
987,1869,483,162,280,1970,21.0,1970,321,0,106000
912,8521,912,70,336,1967,70.0,1967,842,0,125000
1555,3182,1373,1357,430,2005,43.0,2006,16,20,192500
1194,8760,1194,1194,312,1959,73.0,1959,0,0,148000
2794,15138,1462,773,810,1995,174.0,1996,689,146,403000
987,1680,483,483,288,1972,21.0,1972,0,0,94500
894,10650,894,0,308,1976,75.0,1976,182,0,128200
1960,7851,860,235,440,2002,70.04995836802665,2002,625,48,216500
987,1680,483,125,264,1971,21.0,1971,358,0,89500
1414,8773,1414,1390,494,2004,65.0,2004,24,105,185500
1744,9453,996,594,457,1993,70.04995836802665,2003,402,70,194500
1694,12030,1694,1694,818,2007,93.0,2007,0,228,318000
1487,8741,735,641,220,1945,52.0,1950,94,140,113000
1566,9000,1566,488,750,2008,75.0,2008,1078,168,262500
866,3880,686,357,0,1945,40.0,1997,329,42,110500
1440,5000,540,540,352,1900,63.0,1950,0,0,79000
1217,10762,626,626,288,1980,75.0,1980,0,28,120000
2110,8880,948,253,463,1994,70.04995836802665,2002,695,130,205000
1872,10400,1845,916,604,1988,80.0,1988,929,39,241500
1928,9142,1020,1020,440,1910,69.0,1950,0,60,137000
1375,11310,1367,1367,451,1954,75.0,1954,0,30,140000
1668,11317,840,840,500,2003,72.0,2003,0,68,180000
2144,159000,1444,747,389,1958,70.04995836802665,2006,697,98,277000
1306,5350,728,728,0,1940,55.0,1966,0,0,76500
1625,4750,1573,0,538,2006,44.0,2007,1573,0,235000
1640,8366,798,798,520,2004,65.0,2004,0,45,173000
1302,9350,1302,452,309,1964,85.0,1991,270,0,158000
1314,8400,1314,392,294,1957,70.0,1957,922,0,145000
2291,8738,975,975,429,1999,66.0,1999,0,0,230000
1728,8791,864,361,673,2003,64.0,2003,503,56,207500
1604,8814,1604,270,660,2006,68.0,2006,1334,110,220000
1792,12435,963,602,564,2001,80.0,2001,361,96,231500
882,12702,0,0,308,1956,70.0,1956,0,45,97000
1382,19296,1362,0,884,1962,120.0,1962,672,0,176000
2574,9588,1482,1482,868,2007,69.0,2007,0,148,276000
1212,8471,506,0,492,1977,88.0,1995,506,12,151000
1316,5500,926,0,484,1929,50.0,2001,234,0,130000
764,5232,680,680,504,1925,30.0,2004,0,0,73000
1422,12090,1422,606,576,1981,78.0,1981,588,0,175500
1511,11207,802,88,413,1997,70.0,1997,714,75,185000
2192,8400,720,342,240,1939,60.0,1997,378,24,179500
778,6900,740,212,924,1940,71.0,1955,403,25,120500
1113,7917,1143,392,504,1976,70.04995836802665,1976,751,30,148000
1939,10728,1095,1095,1053,2006,84.0,2006,0,51,266000
1363,39104,1385,96,439,1954,73.0,2005,226,0,241500
2270,11764,1152,628,671,1999,92.0,2007,524,57,290000
1632,9600,1240,0,338,1958,80.0,1988,620,0,139000
816,8314,816,270,264,1982,76.0,1982,546,0,124500
1548,7264,952,952,672,1925,55.0,2007,0,0,205000
1560,9196,1560,1560,573,2003,129.0,2003,0,150,201000
864,19138,864,744,400,1951,140.0,1951,120,0,141000
2121,14450,2121,2121,732,2006,107.0,2007,0,98,415298
2022,10005,1160,768,505,1977,83.0,1977,392,117,192000
1982,11287,807,386,575,1989,82.0,1989,421,84,228500
1262,7200,1262,357,572,2006,60.0,2006,905,120,185000
1314,5063,1314,410,626,2007,34.0,2008,904,62,207500
1468,9612,1468,1468,898,2008,74.0,2009,0,150,244600
1575,8012,1575,1145,529,1992,50.0,1992,430,0,179200
1250,4251,625,625,528,2006,35.0,2007,0,54,164700
1734,9786,912,312,440,1962,77.0,1981,600,0,159000
858,8125,858,244,0,1971,70.04995836802665,1971,614,0,88000
900,9819,882,432,280,1967,70.04995836802665,1967,450,0,122000
1396,8730,698,698,384,1915,60.0,2003,0,0,153575
1919,15611,1079,1079,685,2006,120.0,2006,0,51,233230
1716,5687,780,570,0,1912,55.0,2000,210,184,135900
1716,11409,768,476,281,1949,60.0,2008,292,0,131000
2263,16659,795,0,539,1977,70.04995836802665,1994,795,250,235000
1644,9600,1416,131,418,1953,80.0,1953,1285,0,167000
1003,7937,1003,184,588,1984,37.0,1984,819,0,142500
1558,13710,910,490,282,1950,75.0,1950,420,0,152000
1950,7399,975,326,576,1997,66.0,1998,649,10,239000
1743,11700,702,143,539,1968,90.0,1968,384,0,175000
1152,14000,1092,1092,300,1950,80.0,2004,0,36,158500
1336,15750,1165,324,375,1953,90.0,1953,841,0,157000
2452,16226,1028,747,683,1998,66.0,1999,281,50,267000
1541,13704,1541,1541,843,2001,118.0,2002,0,81,205000
894,9800,894,0,552,1972,70.0,1972,894,0,149900
3493,18386,1470,1470,870,1880,87.0,2002,0,0,295000
2000,10386,2000,536,888,2004,80.0,2005,1464,0,305900
2243,13474,700,0,746,1990,116.0,1991,700,44,225000
1406,7920,319,319,0,1920,70.04995836802665,1950,0,144,89500
861,12342,861,599,539,1940,70.04995836802665,1950,262,0,82500
1944,12378,1896,622,708,2003,90.0,2004,1274,175,360000
1501,7685,697,179,420,1993,70.04995836802665,1994,518,63,165600
972,8000,972,292,240,1948,50.0,2002,680,0,132000
1118,7800,793,286,410,1939,65.0,1950,507,0,119900
2036,215245,2136,80,513,1965,150.0,1965,1236,0,375000
1641,9600,728,712,546,1925,60.0,1990,16,0,178000
1432,7795,716,291,432,2004,71.0,2005,425,51,188500
2353,13005,845,153,484,1980,94.0,1980,692,195,260000
1959,9000,1088,1088,1025,2006,75.0,2006,0,46,270000
2646,9900,1347,360,656,1993,90.0,1993,987,60,260000
1472,14115,1372,336,588,1980,70.04995836802665,1980,1036,48,187500
2596,16259,1249,1249,840,2006,111.0,2006,0,154,342643
2468,12099,1136,166,872,2004,99.0,2004,970,154,354000
2730,10380,1502,0,576,1986,86.0,1987,28,96,301000
1163,5820,1162,906,220,1955,49.0,2005,256,98,126175
2978,11275,710,710,564,1967,96.0,2007,0,0,242000
803,5000,720,604,360,1941,50.0,1950,116,0,87000
1719,10846,1719,100,473,1993,32.0,1993,1619,30,324000
1383,11600,1383,818,292,1960,80.0,1960,565,45,145250
2134,11888,844,844,441,1916,70.04995836802665,1994,0,60,214500
1192,6402,596,596,189,1920,60.0,1950,0,0,78000
1728,10624,1728,1424,352,1964,70.04995836802665,1964,40,0,119000
1056,8176,1056,210,308,1958,70.0,1992,846,0,139000
1629,10655,3206,1603,880,2003,85.0,2004,1124,0,284000
1358,8198,1358,638,484,2004,59.0,2004,720,30,207000
1638,9042,943,115,472,1998,59.0,1998,828,38,192000
1786,164660,1499,103,529,1965,70.04995836802665,1965,1249,0,228950
1922,14157,1922,673,676,2005,86.0,2006,1249,51,377426
1536,9135,1536,726,532,2002,70.0,2003,810,74,214000
1621,14145,1208,995,440,1984,91.0,1998,213,45,202500
1215,12400,1215,630,297,1958,66.0,1998,585,0,155000
1908,14191,967,967,431,2002,85.0,2002,0,0,202900
841,8400,721,721,294,1950,60.0,1950,0,0,82000
1040,8544,0,0,400,1949,70.04995836802665,1950,0,0,87500
1684,8849,1684,1656,564,2005,63.0,2005,28,72,266000
1112,2592,536,175,336,1976,36.0,1976,129,0,85000
1577,6435,972,972,312,1939,65.0,1950,0,0,140200
958,12772,958,460,301,1960,70.04995836802665,1998,498,0,151500
1478,17600,1478,208,498,1960,70.04995836802665,1960,1270,40,157500
1626,2448,764,191,474,2003,36.0,2004,573,27,154000
2728,20431,1848,438,706,2005,56.0,2006,1410,0,437154
1869,7820,1869,1869,617,2007,68.0,2007,0,54,318061
1453,5271,1453,371,445,1986,70.04995836802665,1986,1082,80,190000
1111,9084,616,0,200,1941,60.0,1950,236,0,95000
720,8520,624,624,484,1928,60.0,2003,0,0,105900
1595,8400,940,552,240,1940,60.0,2000,388,0,140000
1200,11249,1200,322,521,1995,105.0,1995,334,26,177500
1167,9248,1158,598,400,1992,70.04995836802665,1992,560,26,173000
1142,4224,1142,268,528,1976,44.0,1976,874,90,134000
1352,6930,1062,468,288,1958,92.0,1958,300,0,130000
1924,12011,1086,130,592,1998,78.0,1998,956,75,280000
912,7540,888,115,470,1978,70.04995836802665,1978,773,0,156000
1505,9144,883,484,240,1940,70.04995836802665,1982,399,0,145000
1922,7301,0,0,672,2003,64.0,2003,0,0,198500
987,1680,483,321,264,1972,21.0,2007,162,0,118000
1574,18800,796,84,566,1976,70.04995836802665,1976,712,111,190000
1344,10690,672,216,468,1920,59.0,1997,456,128,147000
1394,9500,1394,785,514,1963,70.04995836802665,1963,609,76,159000
1431,9150,1099,728,296,1962,101.0,1962,371,110,165000
1268,7800,1268,728,244,1954,78.0,1954,540,98,132000
1287,9830,1063,733,576,1959,70.04995836802665,2006,72,17,162000
1664,8121,953,953,460,2000,70.04995836802665,2000,0,40,172400
1588,17120,0,0,680,1959,80.0,1959,0,59,134432
752,7175,744,0,264,1984,50.0,1984,623,0,125000
1319,10634,608,0,270,1953,79.0,1953,428,0,123000
1928,8200,847,847,434,2003,65.0,2004,0,48,219500
904,10020,683,333,0,1922,70.04995836802665,1950,350,0,61000
914,8846,870,572,576,1996,57.0,1996,298,0,148000
2466,11143,1580,1580,610,2004,102.0,2005,0,214,340000
1856,11394,1856,411,834,2010,88.0,2010,1445,0,394432
1800,8123,982,982,463,2000,60.0,2000,0,63,179000
1691,5000,1026,808,308,1924,50.0,1950,218,0,127000
1301,7200,1293,1293,572,2006,60.0,2006,0,121,187750
1797,9245,939,939,639,2006,79.0,2006,0,53,213500
784,9000,784,784,360,1928,60.0,1950,0,0,76000
1953,53107,1580,595,501,1992,70.04995836802665,1992,985,231,240000
1269,3182,1256,1232,430,2004,43.0,2005,24,20,192000
1184,8410,658,658,0,1910,58.0,1996,0,151,81000
1125,7200,1041,410,352,1976,72.0,1976,631,0,125000
1479,9382,1468,1468,577,1999,93.0,2000,0,25,191000
2332,12474,1682,402,846,2007,96.0,2008,1280,134,426000
1367,8405,861,229,384,1900,50.0,1950,241,130,119000
1961,12209,804,114,560,2001,71.0,2002,690,192,215000
882,8339,0,0,294,1959,70.04995836802665,1959,0,0,106500
788,7446,788,522,0,1941,70.04995836802665,1950,266,0,100000
1034,10134,735,735,240,1940,60.0,1950,0,39,109000
1144,9571,1144,405,596,1956,68.0,1956,739,0,129000
894,7200,894,117,600,1972,60.0,1972,777,0,123000
1812,7590,864,324,264,1962,69.0,1962,540,168,169500
1077,8967,961,961,338,1920,60.0,1950,0,0,67000
1550,8125,1092,280,438,2006,65.0,2007,812,168,241000
1288,14963,1260,474,500,1996,38.0,1996,786,30,245500
1310,8767,1310,1286,400,2005,65.0,2005,24,0,164990
672,10200,672,672,240,1940,60.0,1997,0,0,108000
2263,12090,1141,1141,420,1998,93.0,1998,0,123,258000
1572,10364,806,806,373,1995,70.04995836802665,1996,0,40,168000
1620,9991,1281,165,490,1976,70.04995836802665,1993,1116,78,150000
1639,10480,1064,1064,240,1936,51.0,1950,0,0,115000
1680,15576,840,840,308,1915,63.0,1976,0,0,177000
2172,14154,1063,1063,947,2006,109.0,2006,0,62,280000
2078,10800,1034,245,836,2007,85.0,2008,789,102,339750
1276,9571,1276,1276,350,1958,68.0,1958,0,0,60000
1056,34650,1056,0,572,1955,100.0,1955,1056,0,145000
1478,4403,1470,892,484,2009,70.04995836802665,2009,578,144,222000
1028,8960,1008,1008,360,1927,56.0,1950,0,0,115000
2097,11228,1080,499,678,1993,59.0,1993,50,187,228000
1340,8899,1340,1316,396,2007,73.0,2007,24,30,181134
1400,7844,672,463,440,1978,74.0,1978,209,0,149500
2624,22420,1370,242,864,1918,86.0,1950,1128,0,239000
1134,8160,756,444,240,1940,60.0,1950,312,0,126000
1056,8450,1056,281,304,1968,65.0,1968,775,85,142000
1344,7060,1344,35,784,1997,78.0,1998,1309,0,206300
1602,16635,1602,356,529,1977,70.04995836802665,2000,1246,0,215000
988,21750,988,988,520,1954,100.0,1954,0,0,113000
2630,9200,1470,484,696,1998,80.0,1998,986,66,315000
1196,9000,1196,580,297,1956,72.0,1956,616,44,139000
1389,3378,651,651,240,1946,60.0,1992,0,0,135000
1644,12800,1518,0,569,1989,70.04995836802665,1989,1518,0,275000
907,8593,907,619,352,1957,77.0,1957,288,0,109008
1208,6762,1208,544,628,2007,64.0,2007,664,54,195400
1412,11457,1392,387,576,1988,130.0,1988,1005,0,175000
987,1680,483,96,264,1971,21.0,1971,387,0,85400
1198,5586,901,901,0,1920,60.0,1998,0,98,79900
1365,1920,765,294,440,1971,24.0,1971,471,36,122500
1604,10839,926,926,470,1997,100.0,1998,0,36,181000
630,1890,630,135,0,1972,21.0,1972,495,0,81000
1661,10667,799,70,550,1996,43.0,1996,385,61,212000
1118,4400,648,648,440,1920,40.0,1950,0,0,116000
904,6000,884,884,180,1926,50.0,2004,0,0,119000
694,4280,440,75,352,1913,40.0,2002,365,0,90350
1196,12354,684,684,528,1920,67.0,2000,0,46,110000
2402,15431,3094,788,672,2008,105.0,2008,1767,72,555000
1440,12108,1440,1307,0,1955,92.0,1955,133,0,118000
1573,6240,1078,1078,360,1930,52.0,1992,0,0,162900
1258,3922,1258,1258,648,2006,53.0,2007,0,16,172500
1908,8750,915,273,493,1994,70.0,1995,642,133,210000
1689,9855,1436,1436,480,1956,73.0,1956,0,0,127500
1888,16492,1517,557,578,1966,137.0,2002,247,0,190000
1886,11214,930,930,431,1998,70.04995836802665,1999,0,0,199900
1376,8600,780,780,198,1937,50.0,1950,0,0,119500
1183,6000,649,318,308,1948,50.0,2002,331,176,120000
813,5684,813,813,270,1930,70.0,2005,0,113,110000
1533,70761,1533,878,576,1975,62.0,1975,655,54,280000
1756,9303,872,130,422,1996,70.04995836802665,1997,742,122,204000
1590,9000,768,768,676,2008,75.0,2008,0,30,210000
1728,9297,1728,122,560,1976,63.0,1976,1606,0,188000
1242,9600,1242,326,528,1973,80.0,1973,916,0,175500
1344,4571,624,624,513,1916,34.0,1950,0,0,98000
1663,53227,1364,248,529,1954,70.04995836802665,1994,1116,137,256000
1666,5100,588,588,228,1925,70.04995836802665,1996,0,63,161000
1203,7015,709,524,352,1950,70.04995836802665,1950,185,0,110000
1935,8004,832,288,552,2009,75.0,2009,544,150,263435
1135,7200,560,0,576,1936,60.0,2007,350,0,155000
864,8281,864,0,360,1965,60.0,1965,553,0,62383
1660,11988,715,389,240,1934,74.0,1995,326,0,188700
1040,8430,1040,424,0,1978,60.0,1978,616,0,124000
1414,3072,1375,1375,398,2004,70.04995836802665,2004,0,20,178740
1277,10628,1277,499,526,1970,85.0,1970,778,0,167000
1644,9480,728,342,312,1942,79.0,1995,386,0,146500
1634,11428,1626,1626,866,2006,98.0,2006,0,44,250000
1710,9291,832,406,506,1993,76.0,1993,426,70,187000
1502,6820,1488,0,528,1985,70.04995836802665,1985,368,54,212000
1969,11952,808,808,534,1977,92.0,1977,0,0,190000
1072,3675,547,88,525,2005,35.0,2005,459,28,148000
1976,14977,1976,626,908,2006,110.0,2007,1350,63,440000
1652,5330,1494,298,499,2000,41.0,2000,1196,48,251000
970,8480,970,340,624,1963,80.0,1963,630,24,132500
1493,13125,1478,484,508,1997,75.0,1998,994,39,208900
2643,13693,2153,2153,694,2006,105.0,2006,0,84,380000
1718,10637,1705,417,826,2007,79.0,2008,1288,44,297000
1131,5925,907,739,672,1937,50.0,2000,168,72,89471
1850,16033,1833,572,772,2004,98.0,2005,1261,112,326000
1792,11846,1792,225,874,2003,72.0,2004,1567,49,374000
1826,2500,910,611,164,1915,50.0,2005,299,0,155000
1216,4500,1216,319,402,1998,32.0,1998,897,125,164000
999,7758,999,411,264,1962,70.04995836802665,2001,588,132,132500
1113,9600,1113,506,264,1950,80.0,2007,607,80,147000
1073,10289,1073,237,515,1965,79.0,1965,836,0,156000
1484,12243,1484,486,487,1971,70.0,1971,998,0,175000
2414,10800,954,290,520,1900,60.0,1970,664,0,160000
630,1526,630,115,286,1970,21.0,2002,515,0,86000
1304,2665,264,264,336,1976,70.04995836802665,1976,0,24,115000
1578,9490,806,238,240,1941,79.0,1950,403,0,133000
1456,15578,728,728,429,2006,105.0,2006,0,0,172785
1269,7931,1269,363,308,1960,70.0,1960,374,0,155000
886,5784,190,190,273,1938,50.0,1996,0,20,91300
720,7879,720,225,0,1920,60.0,1950,495,523,34900
3228,12692,3200,1969,546,1992,70.04995836802665,1993,1231,75,430000
1820,9120,1026,697,240,1925,60.0,1950,329,100,184000
899,7800,864,414,288,1967,65.0,2004,450,0,130000
912,7535,912,522,297,1958,70.0,1985,111,285,120000
1218,1890,672,316,264,1973,21.0,1973,356,28,113000
1768,9803,866,466,603,2005,75.0,2005,400,108,226700
1214,9170,1214,420,461,1965,70.0,1965,698,0,140000
1801,15602,1501,254,484,1959,100.0,1997,1247,54,289000
1322,2308,855,103,440,1974,24.0,1974,257,0,147000
1960,7596,960,960,400,1952,60.0,1952,0,0,124500
1911,9554,777,397,471,1993,80.0,1994,380,81,215000
1218,7862,1218,1191,676,2009,75.0,2009,27,102,208300
1378,9600,689,548,360,1928,60.0,2005,141,0,161000
1041,9600,1041,50,270,1959,80.0,1959,991,88,124500
1363,14559,1008,178,288,1951,75.0,2000,650,42,164900
1368,6792,1368,1368,474,2005,40.0,2006,0,35,202665
864,9100,864,169,624,1958,70.0,1958,521,0,129900
1080,9187,1084,748,484,1983,71.0,1983,336,0,134000
789,10594,768,768,200,1926,55.0,1950,0,0,96500
2020,12220,2006,570,900,2009,94.0,2009,1436,54,402861
2119,10448,689,689,583,1972,70.04995836802665,1972,0,104,158000
2344,10208,1264,1264,889,1996,79.0,1997,0,0,265000
1796,9531,794,88,546,1998,70.04995836802665,1998,706,36,211000
2080,10918,1276,1276,282,1926,53.0,2004,0,0,234000
1294,10800,0,0,0,1900,60.0,2000,0,114,106250
1244,11988,1244,467,336,1957,90.0,1957,777,40,150000
1664,5000,1004,605,420,1947,50.0,1950,399,24,159000
4676,40094,3138,878,884,2007,130.0,2008,2260,406,184750
2398,11787,1379,660,834,1996,95.0,1997,719,60,315750
1266,7500,1257,1257,453,2005,62.0,2005,0,144,176000
928,13300,928,551,252,1956,70.0,2000,377,0,132000
2713,14948,1452,122,858,2008,67.0,2008,1330,66,446261
605,9098,528,180,0,1920,58.0,2002,348,0,86000
2515,32668,2035,816,484,1957,70.04995836802665,1975,1219,0,200624
1509,10200,1461,678,600,1988,85.0,1989,783,0,175000
1362,6155,611,611,502,1920,60.0,1999,0,0,128000
827,7200,0,0,392,1955,60.0,2007,0,0,107500
334,5000,0,0,0,1946,50.0,1950,0,0,39300
1414,9056,707,707,403,2004,74.0,2004,0,35,178000
1347,7000,1117,148,0,1910,70.0,1991,969,0,107500
1724,8924,880,880,527,1998,57.0,1999,0,155,188000
864,12735,864,264,576,1972,70.04995836802665,1972,600,0,111250
1159,11553,1051,378,336,1968,70.04995836802665,1968,673,0,158000
1601,11423,1581,223,670,2001,70.04995836802665,2002,1358,0,272000
1838,14601,1838,578,765,2006,85.0,2006,1260,68,315000
2285,11000,969,969,648,2000,70.04995836802665,2000,0,56,248000
1680,10140,1650,379,583,1998,78.0,1999,144,73,213250
767,4058,723,0,367,1998,34.0,1998,584,40,133000
1496,17104,654,100,426,2006,58.0,2006,554,24,179665
2183,13837,1204,0,786,1988,70.04995836802665,1988,1002,0,229000
1635,8737,1065,765,440,1923,70.0,1950,300,38,210000
768,7244,768,149,624,1970,54.0,1970,619,0,129500
825,8235,825,0,720,1955,49.0,1995,180,50,125000
2094,9375,912,912,615,2003,75.0,2004,0,182,263000
1069,4043,1069,510,440,1977,53.0,1977,559,55,140000
928,6000,928,620,288,1957,50.0,1957,308,0,112500
1717,11146,1709,1709,908,2006,87.0,2006,0,39,255500
1126,8777,0,0,520,1949,67.0,2003,0,96,108000
2046,10625,998,132,871,2003,85.0,2004,866,62,284000
1048,6380,993,993,280,1922,58.0,1950,0,0,113000
1092,14850,1092,197,299,1957,69.0,1957,895,0,141000
1336,11040,637,0,570,1920,60.0,1950,637,47,108000
1446,21872,729,125,406,1996,57.0,1997,604,22,175000
1557,3196,1374,1374,420,2003,70.04995836802665,2004,0,20,234000
1392,11341,1392,90,528,1957,70.04995836802665,1996,1302,0,121500
1389,10010,1389,195,418,1974,77.0,1975,1071,38,170000
996,13907,996,706,0,1940,63.0,1969,290,0,108000
1674,21780,1163,1163,396,1918,66.0,1950,0,36,185000
2295,13346,1095,367,590,1992,70.04995836802665,2000,728,40,268000
1647,6858,806,806,216,1915,66.0,1950,0,66,128000
2504,11198,1122,1122,656,2005,77.0,2007,0,39,325000
1535,10171,1517,1515,532,2004,70.0,2004,2,0,214000
2132,12327,1496,55,612,1983,79.0,2009,1441,40,316600
943,7032,943,0,600,1979,70.04995836802665,1979,943,0,135960
1728,13101,1728,1497,576,1965,74.0,1965,231,0,142600
864,7332,864,450,288,1959,60.0,1959,414,0,120000
1692,13159,846,846,650,2009,83.0,2009,0,114,224500
1430,9967,384,384,400,2000,76.0,2000,0,0,170000
1109,10500,372,23,288,1971,70.0,2005,349,0,139000
1216,8480,832,390,336,1947,80.0,1950,442,0,118500
1477,6292,861,861,216,1928,52.0,1950,0,50,145000
1320,11777,1164,285,564,1966,96.0,1966,328,68,164500
1392,3604,689,689,540,2007,34.0,2007,0,102,146000
1795,12150,1050,1050,352,1954,81.0,1954,0,0,131500
1429,14585,1144,331,572,1960,70.04995836802665,1987,594,110,181900
2042,12704,2042,2042,1390,2008,98.0,2009,0,90,253293
816,11841,816,0,0,1990,81.0,1990,816,32,118500
2775,13500,1237,1237,880,1893,75.0,2000,0,502,325000
1573,6120,884,884,240,1935,51.0,1995,0,0,133000
2028,11443,1868,408,880,2005,88.0,2006,1460,66,369900
838,10267,816,0,275,1918,55.0,2000,210,0,130000
860,8740,840,168,528,1982,74.0,1982,672,0,137000
1473,25095,1437,113,452,1968,65.0,2003,1324,48,143000
935,9100,742,742,308,1930,50.0,1960,0,0,79500
1582,8320,770,280,520,2004,64.0,2004,490,45,185900
2296,13478,1722,384,842,2008,97.0,2008,1338,274,451950
816,6600,816,0,816,1982,60.0,2003,816,0,138000
848,4435,848,163,420,2003,70.04995836802665,2003,685,0,140000
924,7990,924,924,280,1975,88.0,1975,0,0,110000
1826,11302,1814,392,758,2005,69.0,2006,1422,75,319000
1368,3600,684,684,216,1910,60.0,1993,0,158,114504
1402,3922,1258,1258,648,2006,53.0,2007,0,16,194201
1647,12984,1430,0,621,1977,80.0,1977,1283,0,217500
1556,1950,716,23,452,1980,24.0,1980,81,0,151000
1904,10927,1058,512,736,2005,74.0,2005,546,60,275000
1375,9000,780,780,544,1937,50.0,1950,0,162,141000
1915,10041,908,119,506,1992,80.0,1992,789,150,220000
1200,3182,600,600,480,2004,30.0,2005,0,172,151000
1494,12803,1494,572,530,2002,88.0,2002,922,36,221000
1986,13600,768,314,486,1965,85.0,1990,454,42,205000
1040,12464,1040,308,576,1996,82.0,1996,732,0,152000
2008,7800,896,293,230,1948,78.0,2002,603,0,225000
3194,12168,965,537,380,1934,78.0,1998,428,0,359100
1029,7943,1029,126,261,1961,61.0,1961,903,0,118500
2153,11050,1440,536,736,2000,70.04995836802665,2000,904,142,313000
1032,10395,1032,427,564,1978,70.04995836802665,1978,605,0,148000
1872,11885,1299,309,531,2001,70.04995836802665,2001,990,122,261500
1120,8402,1120,914,0,2007,70.0,2007,206,30,147000
630,1491,630,0,0,1972,21.0,1972,150,24,75500
1054,8800,936,173,480,1963,80.0,1963,763,0,137500
1509,7861,783,326,393,2002,70.04995836802665,2003,457,75,183200
832,7227,832,832,528,1954,59.0,1954,0,0,105500
1828,11694,1822,1774,774,2007,90.0,2007,48,108,314813
2262,12244,1482,611,749,2003,85.0,2003,871,0,305000
864,8248,864,823,0,1914,45.0,1950,41,0,67000
2614,10800,1522,384,624,1974,90.0,1997,956,243,240000
980,7064,980,420,484,1977,71.0,1977,560,0,135000
1512,2117,756,336,440,2000,70.04995836802665,2000,420,32,168500
1790,10400,732,485,484,1972,80.0,1972,247,0,165150
1116,10000,1116,1116,440,1962,87.0,1962,0,0,160000
1422,12342,978,978,286,1960,70.04995836802665,1978,0,0,139900
1520,9600,1156,350,364,1955,80.0,1972,674,0,153000
2080,11606,1040,390,504,1969,70.0,1969,650,0,135000
1350,9020,1248,288,520,1964,82.0,1964,624,0,168500
1750,9000,636,636,240,1880,50.0,1991,0,0,124000
1554,4590,1554,1530,627,2006,34.0,2006,24,73,209500
1411,11900,1386,564,544,1977,85.0,1977,822,0,82500
1056,9250,1056,108,260,1954,80.0,2005,480,0,139400
1056,6979,1056,0,576,1980,64.0,1980,1056,56,144000
3395,10896,1440,1184,0,1914,60.0,1995,256,110,200000
800,6120,264,264,0,1936,51.0,1950,0,0,60000
1387,6000,811,811,256,1954,50.0,1954,0,0,93000
796,8777,796,796,0,1910,67.0,1950,0,0,85000
1567,3982,1520,366,648,2006,53.0,2006,1154,0,264561
1518,12677,1518,300,588,2003,62.0,2004,1218,140,274000
1929,7050,1057,319,650,2001,70.04995836802665,2001,738,235,226000
2704,13860,1952,542,538,1972,75.0,1995,1410,111,345000
1620,10793,780,0,462,1969,80.0,1969,493,0,152000
1766,9187,1766,645,478,2009,85.0,2009,1121,130,370878
981,10530,981,664,576,1971,70.04995836802665,1971,282,312,143250
1048,7200,0,0,420,1950,60.0,1950,0,27,98300
1094,10452,1094,594,495,1953,85.0,1953,500,0,155000
1839,7700,756,756,442,1966,70.0,1966,0,124,155000
630,1936,630,0,0,1970,21.0,1970,131,0,84500
1665,8125,813,813,562,2007,65.0,2007,0,0,205950
1510,9084,755,755,296,1940,60.0,1950,0,0,108000
1716,8750,880,880,512,1996,70.0,1996,0,120,191000
1469,10320,756,756,216,1906,60.0,1995,0,0,135000
2113,10437,2109,413,839,1995,91.0,1995,1696,46,350000
1092,1680,525,525,264,1971,21.0,1971,0,0,88000
1053,10007,1053,247,312,1959,72.0,2006,806,0,145500
1502,7200,776,776,270,1931,60.0,2000,0,0,149000
1458,17503,912,912,330,1948,78.0,1950,0,0,97500
1486,9937,1486,849,480,1964,75.0,1999,637,0,167000
1935,12384,793,793,550,1976,70.04995836802665,1976,0,113,197900
2448,46589,1629,88,711,1994,52.0,2005,1361,76,402000
1392,13560,1392,1392,576,1968,120.0,1968,0,0,110000
1181,10012,1138,38,588,1972,90.0,1972,920,0,137500
2097,20896,2077,356,1134,2005,49.0,2006,1721,267,423000
1936,11194,1406,1406,504,2000,106.0,2000,0,124,230500
2380,18450,1021,111,596,1965,70.04995836802665,1979,187,265,129000
1679,8125,1408,270,575,1994,65.0,1998,1138,42,193500
1437,14175,1188,200,576,1956,70.04995836802665,1987,988,0,168000
1180,11600,700,700,252,1922,80.0,1950,0,0,137500
1476,8633,738,545,540,2005,64.0,2005,193,35,173500
1369,6629,672,121,300,1925,54.0,1950,551,0,103600
1208,11250,1208,441,546,1977,70.04995836802665,1977,767,42,165000
1839,14442,1477,291,416,1957,110.0,2004,1186,87,257500
1136,9200,1136,244,384,1965,80.0,1965,892,0,140000
1441,2289,855,544,440,1978,24.0,1978,311,0,148500
1774,9600,1095,1095,779,1900,60.0,1950,0,0,87000
792,9022,768,768,240,1924,52.0,2006,0,0,109500
2046,11844,2046,2046,834,2008,80.0,2008,0,82,372500
988,9945,988,161,572,1961,70.04995836802665,1961,827,0,128500
923,8012,923,261,264,1980,50.0,1980,543,0,143000
1520,4500,793,611,281,1932,55.0,2000,182,0,159434
1291,2887,1291,288,431,1996,70.04995836802665,1997,1003,0,173000
1668,11248,1626,567,702,2002,90.0,2002,1059,45,285000
1839,16770,1195,1195,486,1998,58.0,1998,0,81,221000
2090,5062,1190,180,577,1984,70.04995836802665,1984,828,0,207500
1761,10207,874,874,578,2007,84.0,2007,0,105,227875
1102,5105,551,312,480,2004,70.04995836802665,2004,239,60,148800
1419,8089,1419,474,567,2007,60.0,2007,945,0,392000
1362,7577,1362,1342,460,2005,61.0,2006,20,28,194700
848,4426,848,151,420,2004,70.04995836802665,2004,697,0,141000
4316,21535,2444,989,832,1994,104.0,1995,1455,50,755000
2519,26178,1210,245,628,1989,42.0,1990,965,27,335000
1073,5400,1073,1073,326,1921,60.0,1968,0,0,108480
1539,6120,927,927,576,1936,51.0,1950,0,0,141500
1137,13811,1112,92,551,1987,54.0,1987,980,0,176000
616,6000,616,0,205,1921,50.0,1950,616,0,89000
1148,6420,980,219,308,1952,57.0,1952,210,0,123500
894,8450,894,224,336,1965,65.0,2009,553,144,138500
1391,4282,1391,1375,530,2004,59.0,2004,16,158,196000
1800,14331,1800,526,765,2002,85.0,2002,1274,78,312500
1164,9600,1164,1164,528,1969,80.0,1969,0,0,140000
2576,12438,1234,1234,666,2006,82.0,2006,0,100,361919
1812,7630,360,360,672,1900,76.0,1996,0,0,140000
1484,8400,1473,761,606,2004,70.0,2005,712,35,213000
1092,5600,0,0,0,1930,70.0,1950,0,0,55000
1824,115149,1643,424,739,1971,70.04995836802665,2002,1219,48,302000
1324,6240,1324,461,550,2006,48.0,2006,863,38,254000
1456,9018,728,728,400,2007,65.0,2007,0,24,179540
904,7162,876,876,408,1966,70.04995836802665,1966,0,0,109900
729,4130,270,270,0,1935,56.0,2003,0,0,52000
1178,8712,859,859,384,1900,66.0,1950,0,0,102776
1228,4671,1228,461,472,1988,40.0,1989,767,120,189000
960,9873,960,171,576,1970,60.0,1970,789,288,129000
1479,13517,725,192,475,1976,70.04995836802665,2005,533,44,130500
1350,10140,1064,1064,478,1974,78.0,1974,0,0,165000
2554,10800,718,718,704,1890,60.0,1998,0,48,159500
1178,10000,1176,92,439,1973,80.0,2000,1084,0,157000
2418,10542,1311,138,983,1993,96.0,1994,1173,154,341000
971,9920,971,448,300,1969,69.0,1969,523,0,128500
1742,6563,1742,594,564,1985,70.04995836802665,1985,1148,28,275000
848,4426,848,186,420,2004,70.04995836802665,2004,662,0,143000
864,8120,864,673,463,1970,70.0,1970,191,0,124500
1470,8172,941,941,548,1954,60.0,1972,0,0,135000
1698,13286,1698,464,768,2007,86.0,2008,1234,64,320000
864,6960,864,250,660,1970,60.0,1970,375,0,120500
1680,21695,880,72,540,1988,70.04995836802665,2007,808,44,222000
1232,7314,1232,508,632,2007,64.0,2007,724,0,194500
1776,11475,1584,1584,888,1958,85.0,1958,0,25,110000
1208,6240,780,628,539,1925,52.0,1950,152,23,103000
1616,5389,1595,415,608,1995,39.0,1996,1180,152,236500
1146,9590,868,82,438,2003,73.0,2003,786,22,187500
2031,11404,1153,901,541,1998,75.0,1999,252,84,222500
1144,10000,864,270,264,1961,80.0,1983,594,0,131400
948,8978,948,948,300,1968,70.04995836802665,1968,0,0,108000
1768,10800,880,490,320,1914,60.0,1970,390,341,163000
1040,8544,0,0,400,1950,60.0,1950,0,0,93500
1801,10463,893,893,800,2005,72.0,2005,0,116,239900
1200,10800,1200,0,0,1987,60.0,1988,1200,0,179000
1728,9313,864,864,572,2004,65.0,2004,0,56,190000
1432,9600,264,264,360,1910,60.0,2002,0,0,132000
912,6768,912,80,288,1961,65.0,1996,832,0,142000
1349,8450,1349,1349,539,2000,65.0,2001,0,55,179000
1464,12886,520,76,480,1963,70.0,1999,444,0,175000
1337,5395,1337,604,462,1993,41.0,1993,733,0,180000
2715,8963,1142,487,831,1976,70.04995836802665,1996,575,204,299800
2256,8795,952,652,554,2000,70.04995836802665,2000,300,54,236000
2640,11700,1240,1240,864,1880,65.0,2003,0,0,265979
1720,10593,1720,801,527,1996,59.0,1996,919,56,260400
1529,8405,0,0,240,1945,50.0,1950,0,0,98000
1140,8800,576,576,0,1910,55.0,2004,0,160,96500
1320,7750,660,660,400,2003,70.04995836802665,2003,0,48,162000
1494,9236,1479,279,576,1997,79.0,1997,1200,27,217000
2098,10240,1030,1030,878,2005,80.0,2005,0,52,275500
1026,7930,1026,115,440,1969,61.0,2005,439,48,156000
1471,3230,729,348,440,1999,34.0,1999,381,24,172500
1768,10769,866,846,578,2007,68.0,2007,20,105,212000
1386,11616,672,234,440,1978,70.04995836802665,1978,438,0,158900
1501,2280,744,195,440,1999,24.0,1999,549,0,179400
2531,12257,1318,1198,752,1995,65.0,1995,56,98,290000
864,9100,864,252,300,1959,70.0,1959,612,0,127500
1301,6911,1145,740,440,1924,60.0,1950,405,0,100000
1547,8640,756,732,614,2009,72.0,2009,24,45,215200
2365,9430,1252,89,856,1999,82.0,1999,1163,128,337000
1494,9549,1494,0,481,1995,30.0,1996,437,30,270000
1506,14587,1498,1498,592,2008,75.0,2008,0,174,264132
1714,10421,980,586,496,1988,80.0,1988,394,66,196500
1750,12508,983,323,423,1940,75.0,1985,660,0,160000
1836,9100,1860,1836,484,2004,70.0,2005,24,33,216837
3279,53504,1650,234,841,2003,47.0,2003,1416,36,538000
858,7252,858,173,576,1982,70.04995836802665,1982,685,0,134900
1220,8877,836,0,396,1951,67.0,1951,836,0,102000
1117,7819,1029,480,672,1976,94.0,1976,422,0,107000
912,10150,912,456,275,1958,70.0,1958,456,0,114500
1973,14226,1935,1935,895,2006,110.0,2006,0,45,395000
1204,4500,1204,338,412,1998,32.0,1998,866,247,162000
1614,11210,1614,1594,865,2005,86.0,2006,20,59,221500
894,13350,864,102,440,1974,100.0,1974,762,0,142500
2020,8400,0,0,630,1977,60.0,1977,0,0,144000
1004,10530,975,0,504,1977,78.0,1977,975,0,135000
1253,7875,1237,1237,402,1995,63.0,1996,0,21,176000
1603,7153,761,374,484,1992,65.0,1992,387,124,175900
1430,16285,1413,1413,605,2001,67.0,2002,0,33,187100
1110,9101,1097,0,602,1978,70.04995836802665,1978,1097,30,165500
1484,6300,742,742,0,1914,35.0,2001,0,291,128000
1342,9790,1372,491,457,1967,70.04995836802665,1967,251,0,161500
1652,10800,686,0,416,1915,60.0,1950,686,0,139000
2084,10142,956,300,618,2004,76.0,2004,656,45,233000
901,6000,901,901,281,1954,50.0,2000,0,0,107900
2087,12205,832,264,444,1966,70.04995836802665,2007,568,168,187500
1145,3182,1145,1129,397,2005,43.0,2006,16,16,160200
1062,11333,1029,490,539,1976,70.04995836802665,1976,539,0,146800
2013,9920,1117,255,455,1996,92.0,1997,862,130,269790
1496,9158,1496,1496,474,2007,76.0,2007,0,130,225000
1895,10832,712,712,409,1994,70.04995836802665,1996,0,46,194500
1564,8400,650,650,476,1980,70.0,1981,0,50,171000
1285,8197,660,660,528,1977,71.0,1977,0,0,143500
773,7677,773,203,240,1953,57.0,1953,570,0,110000
3140,13518,1926,1926,820,2008,104.0,2009,0,78,485000
1768,7200,731,162,240,1937,60.0,1950,569,0,175000
1688,12798,616,154,603,1997,79.0,1997,462,114,200000
1196,4800,1196,999,440,1916,40.0,1990,197,0,109900
1456,8199,728,80,410,2005,63.0,2005,648,18,189000
2822,13891,1734,1734,1020,2008,107.0,2009,0,170,582933
1128,9000,936,124,286,1954,75.0,1954,812,0,118000
1428,12274,1417,1417,554,2008,91.0,2008,0,60,227680
980,9750,980,100,384,1967,75.0,1967,400,0,135500
1576,21384,1324,15,528,1923,144.0,2004,1309,312,223500
1086,13400,1024,380,484,1966,85.0,1966,516,0,159950
2138,8100,849,849,360,1898,90.0,1965,0,156,106000
1309,10140,1040,0,484,1974,78.0,1999,663,0,181000
848,4438,848,186,420,2004,70.04995836802665,2004,662,0,144500
1044,8712,540,540,504,1952,66.0,1952,0,0,55993
1442,9750,1442,834,301,1958,75.0,1958,608,0,157900
1250,8248,686,686,280,1918,45.0,1950,0,0,116000
1661,12137,1649,1649,598,1998,48.0,1998,0,34,224900
1008,11425,1008,522,275,1954,70.04995836802665,1954,486,0,137000
1689,13265,1568,350,857,2002,70.04995836802665,2002,1218,59,271000
1052,8816,1010,506,440,1971,80.0,1971,504,0,155000
1358,6371,1358,625,484,2009,44.0,2010,733,35,224000
1640,7226,798,798,595,2003,72.0,2003,0,45,183000
936,6000,936,936,576,1953,60.0,1953,0,32,93000
1733,12394,847,847,433,2003,70.04995836802665,2003,0,48,225000
1489,9900,778,778,240,1940,60.0,1950,0,0,139500
1489,11216,1489,1489,776,2006,81.0,2006,0,140,232600
2084,14803,2078,442,1220,2007,114.0,2008,1636,45,385000
784,6130,784,0,0,1924,50.0,1950,784,0,109500
1434,8529,1454,1434,527,2001,65.0,2001,20,39,189000
2126,28698,1013,0,538,1967,70.04995836802665,1967,249,0,185000
1223,2544,600,600,480,2005,24.0,2005,0,166,147400
1392,11900,1392,352,458,1957,80.0,1957,1040,0,166000
1200,3180,600,600,480,2005,30.0,2005,0,166,151000
1829,9548,941,458,613,2003,44.0,2003,483,39,237000
1516,10004,1516,975,472,1964,100.0,1964,196,0,167000
1144,7875,1144,572,456,1961,75.0,1961,572,0,139950
1067,9600,1067,625,436,1950,60.0,1995,442,0,128000
1559,8100,1559,1221,812,1948,90.0,1973,338,116,153500
987,1680,483,153,264,1973,21.0,1973,330,0,100000
1099,9525,1099,1099,352,1995,75.0,2006,0,0,144000
1200,11767,768,416,240,1946,70.0,1995,352,0,130500
1482,12155,672,516,400,1925,70.04995836802665,1950,156,0,140000
1539,10440,650,650,686,1904,60.0,2002,0,78,157500
1165,9020,1127,276,490,1966,82.0,1966,312,129,174900
1800,8000,1800,1800,0,1961,80.0,1961,0,0,141000
1416,12665,876,876,720,1915,100.0,1950,0,0,153900
1701,16647,1390,0,611,1975,70.04995836802665,1981,1390,0,171000
1775,9317,740,227,425,1993,75.0,1993,513,72,213000
864,15523,864,404,338,1972,36.0,1972,460,0,133500
2358,45600,907,907,360,1908,75.0,1997,0,40,240000
1855,9600,528,528,512,1976,80.0,1994,0,100,187000
848,4435,848,189,420,2003,36.0,2003,659,0,131500
1456,3196,1273,1273,400,2003,70.04995836802665,2003,0,20,215000
1646,7128,918,554,240,1941,53.0,1950,364,0,164000
1445,12095,1127,563,645,1964,70.04995836802665,1964,564,0,158000
1779,17920,1763,372,454,1955,102.0,1974,306,418,170000
1040,6897,1040,381,260,1962,70.04995836802665,2010,659,104,127000
1026,10970,940,0,576,1978,70.04995836802665,1978,505,0,147000
1481,8125,702,702,343,1994,65.0,1995,0,36,174000
1370,10400,1090,1090,479,1976,80.0,1976,0,0,152000
2654,11029,1054,435,619,1968,70.04995836802665,1984,619,65,250000
1426,7642,912,912,216,1918,55.0,1998,0,240,189950
1039,11625,1039,198,504,1965,75.0,1965,841,0,131500
1097,9672,1040,702,480,1984,81.0,1985,338,0,152000
1148,7931,1148,0,672,1959,70.0,1959,1148,0,132500
1372,8640,1372,1372,529,2007,72.0,2008,0,140,250580
1002,8750,1002,174,902,1970,70.04995836802665,1970,828,0,148500
1646,10656,1638,1638,870,2006,67.0,2007,0,80,248900
1120,6970,1040,108,544,1961,85.0,1961,932,0,129000
2320,14762,0,0,672,1948,70.04995836802665,1950,0,144,169000
1949,9938,1050,300,574,1993,80.0,1994,750,90,236000
894,6600,894,894,308,1962,60.0,1962,0,0,109500
1682,8750,804,299,523,1998,70.0,1998,505,77,200500
910,8892,105,105,414,1953,74.0,1996,0,0,116000
1268,12144,832,457,288,1949,60.0,1950,375,28,133000
1131,5720,676,676,200,1941,52.0,1950,0,0,66500
2610,9000,1184,1120,550,2007,75.0,2007,64,364,303477
1040,25286,1064,431,648,1963,94.0,1963,633,0,132250
2224,8834,1462,292,738,2004,74.0,2005,1170,0,350000
1155,11782,1109,210,576,1961,88.0,1995,899,0,148000
864,7000,864,218,336,1978,70.04995836802665,2005,646,0,136500
1090,7024,1090,110,450,2005,60.0,2006,980,49,157000
1717,13758,1156,254,400,1990,44.0,1991,902,36,187500
1593,9636,808,808,389,1992,70.04995836802665,1993,0,40,178000
2230,6204,795,795,440,1912,60.0,1950,0,188,118500
892,7150,892,460,288,1967,65.0,1967,432,0,100000
1709,5119,1698,460,506,1999,50.0,2000,1238,65,328900
1712,8393,1626,1098,588,1959,70.0,2005,528,54,145000
1393,16466,816,816,300,1955,59.0,1955,0,0,135500
2217,15865,2217,1043,621,1970,95.0,1970,351,207,268000
1505,12160,1505,481,505,1953,128.0,1953,1024,0,149500
924,8064,672,672,576,1949,60.0,2006,0,0,122900
1683,11184,918,192,440,1978,70.0,1978,226,0,172500
1068,8414,1059,396,264,1963,70.0,2003,663,0,154500
1383,13284,1383,319,354,1954,70.04995836802665,1954,1064,116,165000
1535,7018,0,0,400,1979,64.0,1979,0,0,118858
1796,7056,780,380,483,1963,71.0,1963,400,50,140000
951,8765,951,666,327,1936,50.0,1950,285,28,106500
2240,7018,0,0,528,1979,64.0,1979,0,0,142953
2364,12919,2330,142,820,2009,100.0,2010,2188,67,611657
1236,6993,912,447,288,1961,65.0,1994,465,0,135000
858,7340,858,536,684,1971,70.04995836802665,1971,322,0,110000
1306,8712,992,132,756,1957,64.0,2000,860,0,153000
1509,7875,783,783,393,2003,63.0,2003,0,75,180000
1670,14859,1670,1670,690,2006,50.0,2006,0,60,240000
902,6173,876,277,288,1967,70.04995836802665,1967,599,0,125500
1063,9920,1056,412,280,1954,80.0,1954,354,0,128000
1636,13501,1623,1560,865,2006,116.0,2006,63,60,255000
2057,11500,1017,794,180,1936,86.0,1987,223,0,250000
902,8885,864,239,484,1983,70.04995836802665,1983,301,0,131000
1484,12589,742,742,390,2005,149.0,2005,0,24,174000
2274,11600,1105,662,480,1960,80.0,1960,443,0,154300
1268,9286,1268,1072,252,1977,70.04995836802665,1989,196,0,143500
1015,6120,768,279,450,1925,51.0,1950,489,0,88000
2002,6270,1001,717,871,1949,82.0,1950,284,0,145000
1224,3000,612,318,528,2009,30.0,2009,294,234,173733
1092,2001,546,546,286,1970,21.0,1970,0,0,75000
480,9000,480,430,308,1949,50.0,1950,50,0,35311
1229,17140,1134,75,284,1956,70.04995836802665,1956,1059,0,135000
2127,13125,1104,422,833,1991,103.0,1991,48,192,238000
1414,11029,1184,245,601,1958,87.0,2002,528,51,176500
1721,8462,928,114,471,1994,70.0,1994,814,87,201000
2200,8777,1272,188,0,1900,67.0,2003,1084,70,145900
1316,10237,1316,1288,397,2005,65.0,2006,28,0,169990
1617,8012,1604,598,533,1993,50.0,1994,165,69,193000
1686,10240,1686,0,612,1980,79.0,1980,625,131,207500
1126,15611,1126,266,540,1977,70.04995836802665,1977,767,0,175000
2374,11999,1181,1181,656,2003,93.0,2004,0,100,285000
1978,9900,832,280,486,1968,70.04995836802665,1968,552,43,176000
1788,11838,1753,1753,522,2001,70.04995836802665,2001,0,151,236500
2236,13006,964,964,642,1997,70.04995836802665,1997,0,0,222000
1466,8925,1466,1450,610,2007,73.0,2007,16,18,201000
925,9100,925,121,429,1965,70.0,1965,338,0,117500
1905,11670,1905,1905,788,2006,84.0,2006,0,191,320000
1500,8487,1500,1480,570,2004,63.0,2004,20,36,190000
2069,27650,585,160,505,1960,313.0,2007,425,0,242000
747,5825,600,600,528,1926,52.0,1953,0,0,79900
1200,10083,1176,343,555,2003,67.0,2003,833,41,184900
1971,9675,1113,772,689,2005,75.0,2005,341,48,253000
1962,8760,1391,927,868,2006,73.0,2006,464,90,239799
2403,24090,1032,1032,349,1940,70.04995836802665,1950,0,0,244400
1728,12640,1728,396,574,1976,55.0,1976,936,0,150900
2060,8755,992,220,390,1999,70.04995836802665,1999,772,0,214000
1440,7711,1440,0,0,1977,42.0,1977,1440,0,150000
1632,25000,1632,1632,576,1967,100.0,1967,0,0,143000
1344,14375,819,354,525,1958,70.04995836802665,1958,111,118,137500
1869,8820,1088,0,456,1890,98.0,1996,1088,0,124900
1144,8163,1144,102,796,1959,70.0,1959,748,0,143000
1629,14536,1616,316,808,2002,85.0,2003,1300,252,270000
1776,14006,936,936,474,2002,65.0,2002,0,96,192500
1381,9360,1161,179,676,1972,78.0,2006,982,0,197500
864,7200,864,317,720,1950,60.0,2002,398,0,129000
965,7800,828,187,300,1965,60.0,1965,641,0,119900
768,7200,768,108,396,1972,60.0,2003,660,0,133900
1968,11075,784,29,530,1969,70.04995836802665,1969,562,189,172000
980,9400,945,0,0,1975,35.0,1975,945,0,127500
1958,7136,979,495,492,1946,82.0,1950,484,0,145000
1229,1300,561,276,462,1980,24.0,1980,285,0,124000
1057,7420,1057,640,576,1962,70.0,1962,417,0,132000
1337,8450,1337,638,531,2003,65.0,2003,699,39,185000
1416,2572,696,92,484,1999,24.0,1999,604,44,155000
858,7207,858,162,0,1958,50.0,2008,696,0,116500
2872,12227,1330,434,619,1977,70.04995836802665,1995,896,282,272000
1548,2308,804,248,440,1976,24.0,1976,556,0,155000
1800,11923,1800,1800,702,2007,122.0,2007,0,136,239000
1894,11316,817,193,510,2002,80.0,2003,624,40,214900
1484,10237,783,783,393,2005,65.0,2007,0,72,178900
1308,9600,728,300,256,1940,130.0,1950,428,70,160000
1098,7390,1098,196,260,1955,70.04995836802665,1955,902,0,135000
968,5925,600,600,0,1910,50.0,1950,0,0,37900
1095,10382,588,75,264,1958,75.0,1958,513,0,140000
1192,10800,720,720,0,1949,60.0,1950,0,0,135000
1626,2268,764,197,474,2003,36.0,2004,567,27,173000
918,7892,918,918,264,1979,55.0,1979,0,0,99500
1428,11639,1428,1428,480,2007,95.0,2008,0,120,182000
2019,11414,728,728,532,1910,60.0,1993,0,135,167500
1382,2651,673,32,490,2000,70.04995836802665,2000,641,50,165000
869,5900,440,440,0,1923,51.0,1958,0,0,85500
1241,4274,1241,135,569,2006,35.0,2007,1106,116,199900
894,9450,894,342,400,1954,68.0,1954,552,0,110000
1121,8816,1121,470,480,1963,80.0,1963,651,80,139000
999,12122,944,77,588,1961,70.04995836802665,2007,867,76,178400
2612,12203,1225,371,676,1998,98.0,1999,854,0,336000
1266,3182,1266,1266,388,2007,43.0,2007,0,16,159895
2290,11250,1128,1128,779,2002,70.04995836802665,2002,0,0,255900
1734,10125,0,0,539,1977,75.0,1977,0,0,126000
1164,10880,1164,124,240,1950,68.0,1950,1040,48,125000
1635,5310,485,485,255,1910,59.0,2003,0,0,117000
1940,10159,1930,284,606,2009,83.0,2010,1646,95,395192
2030,12046,848,692,551,1976,70.04995836802665,1976,156,224,195000
1576,8125,770,770,614,2006,65.0,2006,0,50,197000
2392,9452,1396,322,870,1997,82.0,1998,1074,70,348000
1742,17671,916,700,424,1882,121.0,1986,216,169,168000
1851,9760,822,169,440,1964,80.0,1993,536,42,187000
1500,8846,750,750,564,2005,68.0,2006,0,35,173900
1718,12456,1700,528,786,2006,96.0,2007,1172,48,337500
1230,4712,747,363,305,1946,51.0,1950,384,57,121600
1050,10659,1050,135,368,1961,70.04995836802665,1961,915,319,136500
1442,11717,1442,1442,615,1970,70.04995836802665,1970,0,0,185000
1077,9786,1007,1007,210,1922,60.0,1950,0,100,91000
1208,6762,1187,501,632,2006,64.0,2006,686,61,206000
944,10206,0,0,528,1952,74.0,1952,0,0,82000
691,5400,691,691,216,1920,60.0,1950,0,20,86000
1574,11957,1574,1550,824,2006,75.0,2006,24,104,232000
1680,11500,1680,1680,528,1976,70.04995836802665,1976,0,0,136905
1504,3182,1346,1330,457,2005,43.0,2006,16,0,181000
985,8385,985,390,328,1977,65.0,1977,595,0,149900
1657,12155,1657,420,484,1970,70.04995836802665,1970,1237,0,163500
1092,2217,546,0,286,1970,21.0,1970,273,0,88000
1710,12118,1710,1710,550,2004,43.0,2005,0,48,240000
1522,6000,1008,1008,0,1926,60.0,1950,0,0,102000
1271,21286,720,720,312,1948,115.0,1950,0,0,135000
1664,9825,0,0,0,1965,75.0,1965,0,0,100000
1502,10592,602,602,180,1923,55.0,1996,0,0,165000
1022,7200,1022,310,280,1910,60.0,2006,247,30,85000
1082,11664,1082,746,240,1948,60.0,1950,336,130,119200
1665,8400,810,167,528,2001,70.0,2001,643,45,227000
1504,11883,1504,814,478,1996,73.0,1996,690,66,203000
1360,5814,1220,184,565,1984,70.04995836802665,1984,1036,0,187500
1472,10784,384,384,402,1991,70.04995836802665,1992,0,0,160000
1506,3013,1362,1346,440,2005,43.0,2005,16,20,213490
1132,7024,1132,108,451,2005,60.0,2005,1024,64,176000
1220,7406,1199,515,632,2006,64.0,2006,684,54,194000
1248,9439,912,588,160,1930,52.0,1950,324,0,87000
1504,3182,1346,1330,437,2005,43.0,2006,16,20,191000
2898,15498,1565,0,665,1976,70.04995836802665,1976,1165,72,287000
882,7700,882,276,461,1972,70.0,1972,138,0,112500
1264,9300,1268,571,461,1960,73.0,1960,697,0,167500
1646,9520,1638,125,800,2007,71.0,2008,1513,44,293077
1376,9492,768,359,240,1941,79.0,1950,368,0,105000
1218,1680,672,355,264,1972,21.0,1972,317,28,118000
1928,7082,686,686,0,1916,70.04995836802665,1995,0,0,160000
3082,15863,824,301,672,1920,102.0,1970,523,63,197000
2520,14541,1338,326,796,1993,70.04995836802665,1993,1012,55,310000
1654,8125,1654,668,900,2002,70.04995836802665,2002,986,136,230000
954,6305,920,920,240,1938,50.0,1950,0,0,119750
845,11500,0,0,290,1957,70.04995836802665,1957,0,0,84000
1620,12898,1620,598,912,2007,89.0,2008,1022,0,315500
2263,9240,1055,1055,905,2001,70.04995836802665,2002,0,45,287000
1344,1533,546,546,0,1970,21.0,2008,0,0,97000
630,1477,630,121,286,1970,21.0,1970,509,0,80000
1803,13125,1134,284,484,1957,88.0,2000,168,0,155000
1632,9130,800,336,484,1966,70.04995836802665,2000,400,40,173000
1306,5381,1306,406,624,2005,34.0,2005,900,63,196000
2329,11839,1475,390,514,1990,86.0,1990,1085,121,262280
2524,9600,2524,1420,542,1981,80.0,1981,1104,120,278000
1733,13680,0,0,452,1955,70.04995836802665,1955,0,0,139600
2868,16056,1992,1752,716,2005,85.0,2006,240,108,556581
990,9245,990,304,672,1994,57.0,1995,686,0,145000
1771,21750,0,0,336,1960,100.0,2006,0,0,115000
930,11100,0,0,308,1946,60.0,2006,0,0,84900
1302,8993,1302,1302,436,2007,73.0,2007,0,22,176485
1316,11175,1316,1316,440,2007,103.0,2007,0,20,200141
1977,9500,816,374,540,1964,100.0,1978,442,52,165000
1526,8562,1216,833,364,1957,68.0,2002,383,78,144500
1989,11367,1065,133,586,2002,90.0,2002,932,60,255000
1523,11361,1193,549,478,1976,104.0,1976,644,0,180000
1364,7052,1364,705,484,2005,43.0,2005,659,36,185850
1850,29959,973,378,467,1994,70.04995836802665,1994,595,98,248000
2184,11308,1104,168,836,2008,96.0,2008,936,102,335000
1991,11275,854,0,432,1932,70.04995836802665,1950,297,0,220000
1338,4920,1338,722,582,2001,41.0,2001,616,0,213500
894,18000,894,894,1248,1935,120.0,1950,0,20,81000
2337,13600,662,662,560,1900,85.0,1950,0,57,90000
1103,6000,1103,706,440,1925,50.0,1980,397,120,110500
1154,11000,1154,184,480,1966,70.04995836802665,1966,740,58,154000
2260,14000,1306,105,533,1996,80.0,1997,1201,44,328000
1571,7837,799,799,380,1993,59.0,1994,0,40,178000
1611,9760,780,0,442,1964,80.0,1964,674,128,167900
2521,3964,942,105,576,1973,42.0,1973,837,20,151400
893,9600,845,625,576,1949,60.0,2003,220,0,135000
1048,10152,1048,462,286,1956,72.0,1956,586,20,135000
1556,11700,727,429,441,1968,78.0,1968,298,0,154000
1456,7585,810,810,280,1948,50.0,1950,0,0,91500
1426,7950,690,155,440,1977,75.0,1977,535,0,159500
1240,8556,1240,1240,826,2006,74.0,2006,0,93,194000
1740,13125,800,390,240,1940,75.0,1984,410,0,219500
1466,10800,796,170,566,1936,60.0,1989,626,21,170000
1096,15870,1096,230,299,1969,70.04995836802665,1969,75,32,138800
848,4435,848,186,420,2004,37.0,2004,662,0,155900
990,8775,990,495,299,1994,65.0,1994,495,64,126000
1258,11040,1258,602,528,1971,80.0,2004,656,0,145000
1040,7500,1040,216,308,1963,75.0,1963,824,0,133000
1459,8749,1459,1459,527,2002,70.0,2002,0,39,192000
1251,8800,1251,698,461,1964,80.0,1964,553,116,160000
1498,13031,691,99,409,1995,70.04995836802665,1996,592,44,187500
996,9069,936,189,564,1992,73.0,1992,747,0,147000
1092,1974,546,212,286,1973,70.04995836802665,1973,334,96,83500
1953,10574,1082,1082,1043,2005,85.0,2006,0,50,252000
1709,2522,970,970,380,2004,24.0,2004,0,40,137500
1247,3316,1247,208,550,2005,37.0,2005,1039,84,197000
1040,8544,0,0,400,1950,60.0,1950,0,0,92900
1252,2160,600,90,462,1999,24.0,2000,510,48,160000
1694,8400,1181,758,576,1925,60.0,1950,423,0,136500
1200,9230,864,203,884,1965,71.0,1998,661,64,146000
936,5868,936,448,308,1956,74.0,2000,248,0,129000
1314,9317,1314,1290,440,2006,78.0,2006,24,22,176432
1355,6882,684,684,0,1914,60.0,2006,0,0,127000
1088,3696,1074,1074,461,1986,70.04995836802665,1986,0,74,170000
1324,6000,672,0,240,1936,50.0,1950,672,0,128000
1601,11880,1271,567,478,1978,82.0,1978,704,0,157000
438,8400,290,0,246,1920,60.0,1950,290,0,60000
950,9758,950,251,280,1971,61.0,1971,412,0,119500
1134,7000,1010,422,254,1960,70.0,2002,588,16,135000
1194,8910,655,0,539,1959,79.0,1959,655,0,159500
1302,2016,630,630,440,1970,24.0,1970,0,0,106000
2622,12256,1463,431,712,1994,98.0,1995,1032,32,325000
1442,10357,910,172,719,1990,114.0,1991,738,244,179900
2021,23257,868,868,422,2006,168.0,2006,0,100,274725
1690,8063,924,924,463,2000,70.04995836802665,2000,0,48,181000
1836,11362,1836,797,862,2004,107.0,2005,1039,185,280000
1658,8000,773,554,431,1995,70.04995836802665,1996,219,84,188000
1964,10480,803,400,483,1976,80.0,1976,403,69,205000
816,7100,816,108,308,1957,73.0,1957,708,0,129900
1008,8923,1008,365,240,1953,66.0,2006,643,18,134500
833,5400,833,418,326,1954,90.0,2000,415,0,117000
1734,12085,1734,730,928,2007,93.0,2007,1004,0,318000
1419,7750,408,55,527,2002,70.04995836802665,2002,353,0,184100
894,9764,894,192,450,1967,57.0,2003,702,0,130000
1601,13825,533,533,300,1958,85.0,1987,0,34,140000
1040,7560,1040,671,286,1959,70.0,1959,369,0,133700
1012,8263,1012,1012,308,1920,59.0,1950,0,22,118400
1552,10084,1552,1528,782,2005,84.0,2006,24,20,212900
960,8926,672,672,288,1956,70.04995836802665,1956,0,0,112000
698,9405,698,698,0,1947,50.0,2008,0,200,118000
1482,9125,384,384,392,1992,70.04995836802665,1992,0,25,163900
1005,10434,1005,1005,672,1955,60.0,1955,0,0,115000
1555,3684,1373,1373,660,2007,53.0,2007,0,20,174000
1530,14572,1530,230,630,2004,182.0,2004,1300,36,259000
1959,11796,847,847,434,2004,59.0,2005,0,48,215000
936,7200,936,0,672,1980,60.0,1980,936,0,140000
1981,7804,1122,500,576,1928,65.0,1950,622,44,135000
974,10712,974,762,0,1991,63.0,1992,212,28,93500
2210,9900,1008,1008,205,1880,90.0,1950,0,48,117500
2020,9828,1128,544,466,1995,80.0,1995,584,155,239500
1600,8773,916,916,460,1997,57.0,1997,0,38,169000
986,6180,960,960,180,1926,60.0,1950,0,128,102000
1252,9600,1032,752,288,1950,80.0,1950,280,0,119000
1020,6342,780,780,0,1875,54.0,1996,0,0,94000
1567,9819,1567,0,714,1977,70.04995836802665,1977,1567,32,196000
1167,8731,915,270,495,1920,98.0,1950,645,0,144000
952,7350,952,100,840,1951,60.0,1951,852,0,139000
1868,10304,780,399,484,1976,70.04995836802665,1976,381,96,197500
2828,9965,1466,316,1052,2006,77.0,2007,1150,144,424870
1006,9000,1006,718,0,1959,70.04995836802665,1959,288,24,80000
924,12180,672,324,280,1941,60.0,1950,348,0,80000
1576,6240,1042,1042,225,1928,52.0,1950,0,0,149000
1298,11200,1298,40,403,1985,70.04995836802665,1985,1258,26,180000
1564,12000,704,429,234,1941,75.0,1950,275,0,174500
1111,5700,572,572,288,1926,70.04995836802665,1950,0,0,116900
1482,9000,650,26,324,1920,50.0,1988,624,0,143000
932,8280,932,932,306,1950,57.0,1950,0,0,124000
1466,17755,1466,1290,528,1959,134.0,1959,176,140,149900
1811,14115,1073,230,470,1956,90.0,2004,296,0,230000
816,5890,816,278,432,1930,70.04995836802665,2007,538,0,120500
1820,13700,864,410,492,1965,70.04995836802665,1988,454,84,201800
1437,10768,1437,280,528,1976,90.0,2004,1157,21,218000
1265,9350,1219,586,502,1965,85.0,1999,633,92,179900
1314,5001,1314,410,626,2007,34.0,2008,904,62,230000
1580,11932,1580,1580,830,2007,92.0,2008,0,24,235128
1876,9120,901,459,540,1974,76.0,1974,442,69,185000
1456,2280,855,544,440,1978,24.0,1978,311,0,146000
1640,14778,1296,568,924,1954,70.04995836802665,2006,728,0,224000
894,8724,894,402,450,1968,109.0,1968,492,0,129000
1258,12900,1198,0,400,1969,60.0,1969,1198,0,108959
1432,16157,1360,289,588,1978,70.04995836802665,1978,680,180,194000
1502,9541,1502,1502,644,2009,79.0,2009,0,114,233170
1694,10475,1694,1694,776,2008,64.0,2008,0,33,245350
1671,10852,959,173,472,2000,58.0,2000,786,38,173000
2108,13728,1127,501,540,1935,120.0,1986,626,0,235000
3627,35760,1930,543,807,1995,118.0,1996,1387,76,625000
1118,9880,1096,574,358,1977,76.0,1977,522,0,171000
1261,9120,1261,599,433,1958,76.0,1958,662,0,163000
1250,4017,625,625,625,2006,35.0,2007,0,54,171900
3086,18030,1598,977,0,1946,138.0,1994,152,0,200500
2345,16560,952,449,360,1932,80.0,1950,503,0,239000
2872,10678,1683,983,541,1992,85.0,2000,700,33,285000
923,6951,876,218,264,1984,37.0,1985,658,0,119500
1224,3950,818,350,210,1926,70.04995836802665,2004,468,0,115000
1343,7681,731,731,186,1921,54.0,1950,0,0,154900
1124,8335,0,0,0,1954,77.0,1954,0,36,93000
2514,11170,1216,0,693,1990,70.04995836802665,1991,1216,0,250000
1652,5587,1600,120,482,2008,64.0,2008,1480,53,392500
4476,15623,2396,300,813,1996,160.0,1996,2096,78,745000
1130,10800,1120,299,720,1920,60.0,1950,821,0,120000
1572,35133,1572,413,995,1963,50.0,1963,1159,263,186700
1221,9738,784,392,392,1924,60.0,1950,392,0,104900
1699,10615,978,538,420,1900,107.0,1970,440,74,95000
1624,12461,1624,168,757,1994,89.0,1995,1456,114,262000
1660,8935,831,831,493,2002,68.0,2002,0,68,195000
1804,7500,994,994,442,1999,60.0,1999,0,60,189000
1622,32463,1249,90,1356,1961,70.04995836802665,1975,1159,0,168000
1441,2645,776,776,492,1999,24.0,2000,0,0,174000
1472,9600,702,702,250,1925,60.0,1994,0,0,125000
1224,4500,1224,341,402,1999,70.04995836802665,1999,883,304,165000
1352,9364,663,292,299,1969,80.0,1969,371,36,158000
1456,8029,728,728,400,2005,51.0,2005,0,24,176000
1863,14054,879,879,660,2006,58.0,2006,0,17,219210
1690,8850,815,815,225,1916,65.0,1950,0,0,144000
1212,9100,1212,1212,573,2001,70.0,2001,0,0,178000
1382,11235,1051,504,459,1963,75.0,1979,547,82,148000
864,9353,864,864,280,1970,71.0,1970,0,0,116050
1779,10400,866,866,546,1998,80.0,1998,0,36,197900
1348,6000,884,884,216,1925,50.0,1997,0,0,117000
1630,9750,1630,1630,451,2000,75.0,2001,0,234,213000
1074,10140,1056,268,495,1975,78.0,1975,788,88,153500
2196,14684,2158,1496,701,1990,90.0,1991,485,70,271900
1056,8900,1056,0,384,1966,70.04995836802665,1966,1056,42,107000
1700,9135,1682,1342,544,2003,70.0,2003,340,23,200000
1283,7763,931,319,506,1962,70.0,1980,504,0,140000
1660,10182,1660,440,500,2006,85.0,2006,1220,50,290000
1845,11218,1055,1055,462,1992,70.0,1992,0,104,189000
1752,12134,559,132,492,1988,152.0,2005,427,12,164000
672,9340,672,328,234,1941,50.0,1950,344,113,113000
960,10246,648,0,364,1965,70.04995836802665,2001,648,0,145000
999,10205,925,141,300,1962,69.0,1962,784,72,134500
894,7094,894,340,384,1966,99.0,1966,180,0,125000
1902,8930,0,0,539,1978,68.0,1978,0,0,112000
1314,8640,1300,364,552,2009,72.0,2009,936,112,229456
912,6240,0,0,0,1947,52.0,1950,0,0,80500
1218,1680,672,672,0,1971,21.0,1971,0,0,91500
912,7800,912,0,288,1964,66.0,1964,312,0,115000
1211,8250,952,210,322,1968,55.0,1968,250,63,134000
1846,10496,1040,844,315,1949,78.0,1950,196,0,143000
2136,10680,2136,1380,528,1951,89.0,1951,756,30,137900
1490,15384,788,64,388,2004,60.0,2005,724,75,184000
1138,10482,588,81,264,1958,65.0,1958,507,0,145000
1933,14598,894,894,668,2007,86.0,2007,0,18,214000
912,8872,912,317,576,1965,72.0,2008,595,240,147000
1702,8769,1702,162,1052,2008,65.0,2008,1540,72,367294
1507,7910,1075,409,404,1960,70.0,1960,666,0,127000
2620,18890,1361,652,600,1977,70.04995836802665,1977,498,24,190000
1190,7728,1106,303,540,1962,70.0,1962,803,18,132500
1224,9842,0,0,462,1962,70.0,1962,0,0,101800
1188,12160,1188,188,531,1959,70.04995836802665,1959,1000,0,142000
1964,8525,940,940,0,1911,55.0,1950,0,192,130000
1784,13132,747,747,180,1914,96.0,1950,0,40,138887
1626,2628,764,764,474,2003,36.0,2003,0,27,175500
1948,12393,847,847,434,2004,41.0,2005,0,48,195000
1141,13072,1141,1141,484,2005,63.0,2005,0,0,142500
1484,9037,1476,1048,472,2006,64.0,2006,428,33,265900
1768,8158,884,334,543,2003,65.0,2003,550,63,224900
1689,9849,1689,1689,954,2007,83.0,2007,0,56,248328
1173,10625,1053,0,528,1974,85.0,1974,885,120,170000
2076,13891,2076,690,850,2006,107.0,2006,1386,229,465000
1517,11435,792,792,400,1929,70.04995836802665,1950,0,0,230000
1868,12090,585,585,477,1984,78.0,2003,0,112,178000
1553,8125,756,756,615,2005,65.0,2006,0,45,186500
1034,12328,1012,473,888,1976,70.04995836802665,1976,539,0,169900
2058,9600,735,416,396,1917,60.0,1950,319,0,129500
988,7200,876,246,276,1950,60.0,1950,534,80,119000
2110,11160,2110,1045,522,1968,93.0,1968,1065,0,244000
1405,3136,1405,1405,478,2003,70.04995836802665,2003,0,36,171750
874,9858,864,354,288,1968,62.0,1968,510,0,130000
2167,17542,1192,36,518,1974,70.04995836802665,2003,125,47,294000
1656,6931,746,746,397,2003,60.0,2004,0,128,165400
1367,6240,884,459,560,1931,52.0,1950,425,0,127500
1987,14303,1986,672,691,1994,91.0,1994,1314,36,301500
864,4060,864,864,0,1922,56.0,1950,0,96,99900
1166,9587,856,201,400,2005,59.0,2005,655,0,190000
1054,9750,1054,14,460,1969,65.0,1969,602,0,151000
1675,24682,841,841,502,1999,70.04995836802665,1999,0,103,181000
1050,9600,1050,546,338,1956,80.0,1956,504,0,128900
1788,11250,1104,1104,304,1957,70.04995836802665,1989,0,0,161500
1824,13515,764,764,520,1919,60.0,1950,0,0,180500
1337,4060,1405,1139,511,1998,34.0,1999,266,68,181000
1452,3735,691,241,506,1999,35.0,1999,450,34,183900
1889,10120,925,925,308,1910,60.0,1950,0,0,122000
2018,13214,2002,2002,746,2008,89.0,2009,0,76,378500
3447,14100,728,536,1014,1935,70.04995836802665,1997,192,12,381000
1524,11344,874,414,315,1958,78.0,1958,460,0,144000
1524,23595,1332,74,586,1979,70.04995836802665,1979,1258,0,260000
1489,9156,1489,1489,462,1968,70.04995836802665,1968,0,0,185750
935,13526,935,0,288,1965,70.04995836802665,1965,560,0,137000
1357,11512,1019,300,312,1959,124.0,2006,719,0,177000
1250,5362,661,661,552,1910,53.0,2003,0,0,139000
1920,11345,928,708,400,1948,95.0,1950,220,0,137000
1395,12936,723,130,497,1972,70.04995836802665,1972,593,116,162000
1724,17871,1680,1152,480,1967,70.04995836802665,1976,528,0,197900
2031,9473,1128,324,577,2002,75.0,2002,804,211,237000
1128,7500,698,698,528,1920,60.0,1950,0,0,68400
1573,9808,1573,785,544,2002,67.0,2002,788,72,227000
1339,8049,1309,256,484,1990,50.0,1990,1053,58,180000
1040,8800,1040,364,484,1977,61.0,2008,532,0,150500
1824,9400,912,912,0,1971,94.0,1971,0,0,139000
2447,9638,804,804,336,1919,50.0,1990,0,0,169000
1412,6000,780,780,280,1939,50.0,1950,0,0,132500
1328,9790,1328,678,528,1963,70.04995836802665,1963,569,26,143000
1582,36500,1624,812,390,1964,70.04995836802665,1964,812,198,190000
1659,5664,1501,343,499,2000,40.0,2000,1158,59,278000
1970,11065,1085,1085,753,2006,86.0,2006,0,74,281000
1152,14112,1152,138,484,1964,70.04995836802665,1964,1014,0,180500
1302,1680,630,399,264,1972,21.0,1972,231,0,119500
2372,6600,994,994,432,1892,60.0,1965,0,287,107500
1664,10140,832,638,528,1976,78.0,1976,194,28,162900
864,8172,864,697,572,1955,60.0,1990,167,0,115000
1052,8400,1052,36,288,1968,70.0,1968,1016,0,138500
1128,8700,1120,344,525,1963,80.0,1963,776,20,155000
1072,3675,547,0,525,2005,35.0,2006,547,44,140000
5642,63887,6110,466,1418,2008,313.0,2008,5644,292,160000
1246,7500,1246,0,305,1959,75.0,1994,340,0,154000
1983,10762,978,284,490,1999,70.04995836802665,1999,694,0,225000
1494,7500,771,224,213,1942,70.04995836802665,1950,547,0,177500
2526,10120,1165,425,844,1994,92.0,1994,740,78,290000
1616,8688,1616,1616,834,2005,73.0,2005,0,59,232000
1708,3363,976,976,380,2004,32.0,2004,0,40,130000
1652,13173,1652,80,840,2006,108.0,2007,1572,102,325000
1368,6955,1368,1368,474,2005,48.0,2006,0,35,202500
990,8072,990,244,480,1994,60.0,1995,746,64,138000
1122,12000,924,172,528,1948,100.0,2005,144,36,147000
1294,7153,1278,78,496,1991,70.04995836802665,1991,1200,51,179200
1902,17500,1902,496,567,1959,100.0,2002,1406,207,335000
1274,8814,1274,349,508,2005,68.0,2007,925,98,203000
2810,9572,1453,971,750,1990,70.04995836802665,1990,482,0,302000
2599,14774,1393,1393,779,1999,108.0,1999,0,30,333168
948,8190,948,216,280,1954,60.0,1954,732,36,119000
2112,11075,952,176,576,1969,85.0,1969,500,0,206900
1630,10226,1622,1622,860,2008,61.0,2008,0,42,295493
1352,4230,1352,1352,466,2006,47.0,2007,0,241,208900
1787,14781,1753,1753,748,2001,70.04995836802665,2002,0,150,275000
948,10215,864,372,248,1954,75.0,1954,492,0,111000
1478,8400,1478,628,442,1957,70.0,1957,189,0,156500
720,6627,0,0,287,1949,70.04995836802665,1950,0,0,72500
1923,10186,750,76,564,1992,107.0,1992,674,39,190000
708,5330,420,140,0,1940,50.0,1950,280,0,82500
1795,9986,1795,1795,895,2006,75.0,2007,0,49,147000
796,3636,796,796,0,1922,40.0,1950,0,0,55000
774,4270,544,0,0,1931,70.0,2006,544,0,79000
816,6600,816,175,264,1982,60.0,2008,641,0,130500
2792,10440,1510,1017,520,1920,60.0,1950,493,547,256000
1632,9084,935,935,462,1998,63.0,1998,0,28,176500
1588,10000,1588,1588,825,2006,85.0,2006,0,45,227000
954,10780,911,428,576,1976,55.0,1976,483,0,132500
816,8877,816,126,288,1938,67.0,1958,690,0,100000
1360,7200,803,803,297,1938,60.0,1995,0,65,125500
1365,2368,765,0,440,1970,24.0,1970,765,36,125000
1334,9650,1350,664,630,1977,80.0,1977,686,16,167900
1656,9246,1656,1656,506,1973,87.0,1973,0,211,135000
693,4118,693,693,0,1941,153.0,1950,0,20,52500
1861,13450,916,216,492,2002,95.0,2002,700,91,200000
864,9560,864,504,288,1972,120.0,1972,360,0,128500
872,8294,858,858,480,1971,70.0,1971,0,0,123000
1114,13695,1114,300,576,2003,66.0,2004,814,78,155000
2169,9375,1284,1284,647,2002,70.04995836802665,2002,0,87,228500
1913,7558,896,896,342,1928,57.0,1950,0,0,177000
1456,11103,728,728,440,2006,85.0,2006,0,0,155835
960,6000,960,710,308,1920,50.0,1950,250,0,108500
2156,20781,1568,1203,508,1968,70.04995836802665,2003,297,80,262500
1776,15306,1732,1652,712,2006,93.0,2007,80,0,283463
1494,16196,1482,39,514,1998,70.04995836802665,1998,1443,25,215000
2358,5250,684,425,0,1872,50.0,1987,259,54,122000
2634,11643,1248,748,968,1969,91.0,1969,500,0,200000
1716,9247,858,539,490,1962,70.0,1962,319,84,171000
1176,6000,698,698,624,1937,50.0,2000,0,0,134900
3238,14720,2033,1217,666,1995,56.0,1996,816,86,410000
1865,10316,992,257,839,2000,70.04995836802665,2000,735,184,235000
1920,10192,570,570,487,1968,102.0,1992,0,98,170000
892,9477,864,524,264,1966,70.04995836802665,1966,340,0,110000
1078,12537,1078,344,500,1971,70.04995836802665,2008,734,0,149900
1573,2117,756,378,440,2000,70.04995836802665,2000,378,32,177500
1980,16737,1980,533,770,2004,129.0,2005,1447,45,315000
2601,9842,612,612,621,1921,51.0,1998,0,0,189000
1530,16158,1530,256,430,2005,124.0,2005,1274,36,260000
1738,12513,715,715,368,1920,70.04995836802665,2007,0,0,104900
1412,8499,616,616,432,2006,73.0,2007,0,36,156932
1200,3180,600,600,480,2005,30.0,2005,0,166,144152
1674,7500,814,281,663,2000,70.04995836802665,2000,533,96,216000
1790,9179,873,240,588,1999,68.0,1999,633,88,193000
1475,2665,757,36,336,1977,41.0,1977,548,26,127000
848,4435,848,163,420,2003,70.04995836802665,2004,685,0,144000
1668,10635,1657,315,502,2003,48.0,2003,370,262,232000
1374,5400,840,420,338,1920,90.0,1950,315,0,105000
1661,9600,992,161,377,1955,80.0,1996,831,28,165500
2097,9750,1108,133,583,1998,75.0,1998,975,170,274300
2633,11400,2633,1351,804,2001,70.04995836802665,2002,1282,140,466500
1958,10625,1026,1026,936,2005,85.0,2005,0,210,250000
1571,10991,1571,1571,722,2007,89.0,2007,0,36,239000
790,6292,768,384,160,1930,52.0,1950,384,141,91000
1604,10998,984,156,660,1941,60.0,1960,408,68,117000
987,1953,483,174,264,1973,21.0,1973,309,0,83000
1394,9735,384,384,400,2006,73.0,2007,0,0,167500
864,8212,864,661,200,1914,45.0,1950,203,0,58500
2117,12925,1205,340,550,1970,70.04995836802665,1970,865,42,237500
1762,7200,596,596,576,1920,60.0,1950,0,0,157000
1416,25339,816,816,576,1918,70.04995836802665,2007,0,0,112000
1258,9060,560,356,280,1939,60.0,1950,204,0,105000
1154,5436,796,61,240,1922,40.0,2007,735,96,125500
2784,16692,1392,133,564,1978,80.0,1978,790,112,250000
2526,8520,714,0,216,1916,60.0,1950,168,15,136000
1746,14892,1746,426,758,2006,42.0,2007,1320,39,377500
1218,6000,735,360,440,1941,60.0,1950,375,0,131000
1525,9100,1525,125,541,2000,70.0,2000,1400,36,235000
1584,8944,1584,1584,792,1967,65.0,1967,0,152,124000
900,7838,864,95,288,1967,68.0,1967,769,144,123000
1912,10800,482,482,672,1905,60.0,2000,0,25,163000
1500,4045,1356,286,648,2006,53.0,2006,1070,20,246578
2482,12665,1094,1094,642,2005,88.0,2006,0,39,281213
1687,57200,747,60,572,1948,70.04995836802665,1950,353,0,160000
1513,6120,939,939,180,1920,51.0,2004,0,0,137500
1904,7200,1208,676,240,1950,60.0,1982,180,0,138000
1608,6171,976,712,216,1925,51.0,1990,264,16,137450
1158,6000,862,862,208,1929,50.0,1950,0,0,120000
1593,7415,839,80,398,2004,62.0,2004,759,75,193000
1294,6762,1286,1286,662,2006,64.0,2006,0,55,193879
1464,15256,1485,556,754,2007,49.0,2007,929,160,282922
1214,10410,672,672,936,1915,60.0,1950,0,0,105000
1646,3842,1594,221,482,2004,44.0,2005,1373,53,275000
768,8445,768,112,396,1972,70.0,2007,656,0,133000
833,8780,833,208,0,1985,70.04995836802665,1985,625,0,112000
1363,7740,622,622,528,1910,60.0,1950,0,0,125500
2093,20544,791,791,542,1986,46.0,1991,0,63,215000
1840,12420,944,278,622,2001,79.0,2001,666,45,230000
1668,9600,856,736,271,1950,80.0,2005,120,0,140000
1040,7200,0,0,420,1949,60.0,1950,0,0,90000
1844,10994,1844,868,620,2005,88.0,2006,976,44,257000
1848,13053,833,833,370,1923,64.0,2000,0,0,207000
1569,3635,1386,398,660,2007,51.0,2007,988,20,175900
2290,11340,777,777,560,1885,60.0,1950,0,0,122500
2450,16545,1284,503,1069,1998,70.04995836802665,1998,781,126,340000
1144,9204,1144,247,336,1963,71.0,1963,25,88,124000
1844,16381,1844,734,540,1969,70.04995836802665,1969,1110,73,223000
1416,11700,708,304,776,1968,90.0,1968,404,169,179900
1069,4043,1069,709,440,1977,53.0,1977,360,55,127500
848,4435,848,162,420,2003,37.0,2003,686,0,136500
2201,19690,697,697,432,1966,70.04995836802665,1966,0,236,274970
1344,9503,1024,193,484,1958,70.04995836802665,1983,457,28,144000
1252,10721,1252,1252,528,1959,80.0,1959,0,39,142000
2127,10944,1223,223,525,1994,81.0,1994,1000,132,271000
1558,10930,913,333,288,1945,60.0,1950,580,0,140000
804,7200,788,278,240,1940,60.0,1992,510,0,119000
1440,12546,1440,762,467,1981,70.04995836802665,1981,678,0,182900
1838,21930,732,732,372,2005,60.0,2005,0,40,192140
958,4928,958,0,440,1976,70.04995836802665,1976,958,60,143750
968,10800,656,656,216,1927,60.0,2007,0,0,64500
1792,10261,936,936,451,2000,93.0,2000,0,0,186500
1126,17400,1126,190,484,1977,80.0,1977,936,41,160000
1537,8400,1319,1319,462,1962,80.0,2005,0,36,174000
864,9000,864,248,528,1971,60.0,1971,616,0,120500
1932,12444,1932,596,774,2008,96.0,2008,1336,66,394617
1236,7407,912,312,923,1957,90.0,1996,600,158,149700
1725,11584,539,114,550,1979,80.0,1979,315,88,197000
2555,11526,588,588,672,1922,79.0,1994,0,0,191000
848,4426,848,151,420,2004,70.04995836802665,2004,697,0,149300
2007,11003,1017,252,812,2008,85.0,2008,765,52,310000
952,8854,952,952,192,1916,70.04995836802665,1950,0,98,121000
1422,8500,1422,1422,626,2004,63.0,2004,0,60,179600
913,8400,814,0,240,1966,70.0,1966,187,0,129000
1188,26142,1188,595,312,1962,70.04995836802665,1962,593,39,157900
2090,10000,1220,141,556,1995,80.0,1996,1079,65,240000
1346,11767,560,560,384,1910,70.0,2000,0,24,112000
630,1533,630,77,0,1970,21.0,1970,553,0,92000
1792,9000,896,896,0,1974,60.0,1974,0,45,136000
1578,9262,1573,1573,840,2008,78.0,2009,0,36,287090
1072,3675,547,0,525,2005,35.0,2005,547,28,145000
1140,17217,1140,1140,0,2006,90.0,2006,0,56,84500
1221,7500,1221,811,400,2004,62.0,2005,410,113,185000
1647,7917,953,953,460,1999,62.0,2000,0,40,175000
2073,13175,1542,589,500,1978,85.0,1988,790,0,210000
2340,9042,1152,877,252,1941,66.0,2006,275,60,266500
1078,9717,1078,0,240,1950,68.0,1996,49,0,142125
1256,9937,1256,136,276,1965,75.0,1965,830,68,147500
