GrLivArea,LotArea,TotalBsmtSF,BsmtUnfSF,GarageArea,YearBuilt,LotFrontage,YearRemodAdd,BsmtFinSF1,OpenPorchSF
896,11622,882.0,270.0,730.0,1961,80.0,1961,468.0,0
1329,14267,1329.0,406.0,312.0,1958,81.0,1958,923.0,36
1629,13830,928.0,137.0,482.0,1997,74.0,1998,791.0,34
1604,9978,926.0,324.0,470.0,1998,78.0,1998,602.0,36
1280,5005,1280.0,1017.0,506.0,1992,43.0,1992,263.0,82
1655,10000,763.0,763.0,440.0,1993,75.0,1994,0.0,84
1187,7980,1168.0,233.0,420.0,1992,70.04995836802664,2007,935.0,21
1465,8402,789.0,789.0,393.0,1998,63.0,1998,0.0,75
1341,10176,1300.0,663.0,506.0,1990,85.0,1990,637.0,0
882,8400,882.0,0.0,525.0,1970,70.0,1970,804.0,0
1337,5858,1405.0,354.0,511.0,1999,26.0,1999,1051.0,68
987,1680,483.0,327.0,264.0,1971,21.0,1971,156.0,0
1092,1680,525.0,225.0,320.0,1971,21.0,1971,300.0,0
1456,2280,855.0,341.0,440.0,1975,24.0,1975,514.0,0
836,2280,836.0,836.0,308.0,1975,24.0,1975,0.0,30
2334,12858,1590.0,1590.0,751.0,2009,102.0,2010,0.0,133
1544,12883,1544.0,1544.0,868.0,2009,94.0,2010,0.0,35
1698,11520,1698.0,1588.0,730.0,2005,90.0,2005,110.0,74
1822,14122,1822.0,1794.0,678.0,2005,79.0,2006,28.0,119
2696,14300,2846.0,1473.0,958.0,2003,110.0,2004,1373.0,150
2250,13650,1671.0,1093.0,756.0,2002,105.0,2002,578.0,130
1370,7132,1370.0,1346.0,484.0,2006,41.0,2006,24.0,49
1324,18494,1324.0,1324.0,430.0,2005,100.0,2005,0.0,23
1145,3203,1145.0,1129.0,437.0,2006,43.0,2006,16.0,116
1374,13300,384.0,58.0,400.0,2004,67.0,2004,326.0,0
1733,8577,847.0,847.0,433.0,2004,63.0,2004,0.0,48
2475,17433,1629.0,1629.0,962.0,1998,60.0,1998,0.0,172
1595,8987,1595.0,1595.0,880.0,2005,73.0,2006,0.0,0
1218,9215,1218.0,1218.0,676.0,2009,92.0,2010,0.0,136
1468,10440,1468.0,54.0,528.0,2005,84.0,2005,1414.0,102
1659,11920,831.0,831.0,484.0,2004,70.0,2004,0.0,68
1012,9800,816.0,816.0,429.0,1920,70.0,1950,0.0,0
1494,15410,1208.0,223.0,461.0,1974,39.0,2002,126.0,0
2349,13143,1231.0,0.0,762.0,1993,85.0,1993,250.0,130
2225,11134,1390.0,261.0,713.0,1992,88.0,1993,1129.0,30
1488,4835,1488.0,190.0,506.0,2004,25.0,2005,1298.0,50
1680,3515,840.0,840.0,588.0,2004,39.0,2004,0.0,111
1200,3215,600.0,320.0,480.0,2004,30.0,2004,280.0,172
1200,2544,600.0,190.0,480.0,2004,24.0,2005,368.0,172
1236,2544,600.0,224.0,480.0,2005,24.0,2005,376.0,166
1512,2980,756.0,290.0,440.0,2000,70.04995836802664,2000,466.0,32
1080,2403,530.0,286.0,496.0,2003,70.04995836802664,2003,244.0,50
1418,12853,1642.0,610.0,852.0,2010,57.0,2010,1032.0,192
1848,7379,975.0,491.0,592.0,2000,68.0,2000,484.0,184
1492,8000,1492.0,659.0,596.0,2002,80.0,2002,833.0,137
1829,10456,1829.0,1323.0,535.0,1967,70.04995836802664,1967,506.0,76
2495,10791,1280.0,143.0,660.0,1993,80.0,1993,1137.0,32
1891,18837,1224.0,491.0,678.0,1978,70.04995836802664,1978,687.0,69
1645,9600,715.0,386.0,441.0,1971,80.0,1971,329.0,78
1232,9600,1232.0,534.0,490.0,1966,80.0,1966,698.0,224
1209,9900,1209.0,150.0,504.0,1966,90.0,1966,1059.0,0
1510,9680,1510.0,500.0,517.0,1967,88.0,1967,1010.0,40
1775,10600,533.0,533.0,480.0,1964,70.04995836802664,1964,0.0,172
1728,13260,1728.0,228.0,0.0,1962,98.0,2001,1500.0,0
2461,9724,1140.0,470.0,400.0,1952,68.0,2002,670.0,0
1556,17360,782.0,482.0,470.0,1949,120.0,1950,300.0,0
1128,11380,1080.0,136.0,315.0,1966,75.0,2008,944.0,0
1604,8267,1604.0,1604.0,576.0,1958,70.0,1958,0.0,0
1480,8197,1480.0,292.0,620.0,2003,70.0,2009,1188.0,73
1143,8050,1143.0,125.0,308.0,1959,70.04995836802664,1959,856.0,0
1206,10725,1206.0,270.0,312.0,1959,87.0,1959,936.0,21
1580,10032,1244.0,510.0,440.0,1959,80.0,1959,734.0,28
1337,8382,832.0,832.0,263.0,1956,60.0,1956,0.0,0
1064,10950,864.0,525.0,318.0,1952,60.0,1952,339.0,0
972,10895,972.0,324.0,305.0,1955,119.0,1955,648.0,0
988,13587,988.0,456.0,264.0,1958,70.0,1958,532.0,0
985,7898,576.0,576.0,676.0,1920,65.0,1994,0.0,0
1224,8064,816.0,161.0,280.0,1948,60.0,2004,481.0,0
1175,7635,1175.0,237.0,484.0,1960,81.0,1960,588.0,0
1395,9760,1395.0,415.0,440.0,1963,80.0,1984,717.0,0
1844,4800,709.0,661.0,240.0,1900,60.0,1954,48.0,0
936,4485,936.0,357.0,0.0,1920,56.0,1950,579.0,0
1347,5805,1347.0,0.0,551.0,1957,69.0,1957,274.0,0
1251,6900,827.0,827.0,240.0,1938,50.0,2000,0.0,0
1633,11851,1027.0,247.0,240.0,1948,69.0,2009,780.0,100
1245,8239,1008.0,832.0,315.0,1920,70.04995836802664,1962,176.0,0
832,9656,678.0,678.0,780.0,1923,68.0,1970,0.0,0
1566,9600,930.0,930.0,288.0,1900,60.0,2003,0.0,228
2268,9000,346.0,346.0,624.0,1890,50.0,2002,0.0,108
2256,9045,840.0,840.0,0.0,1910,100.0,1950,0.0,18
1470,10560,738.0,455.0,624.0,1922,60.0,1994,283.0,0
1612,5830,988.0,200.0,363.0,1950,53.0,1997,788.0,0
2068,7793,1108.0,634.0,315.0,1922,70.04995836802664,2005,474.0,0
765,5000,765.0,577.0,200.0,1925,50.0,1950,188.0,0
1132,6000,608.0,144.0,240.0,1939,50.0,1950,452.0,0
1196,6000,572.0,308.0,576.0,1940,50.0,1950,264.0,0
1453,6360,835.0,316.0,240.0,1942,53.0,1950,360.0,0
1416,6000,780.0,480.0,312.0,1948,50.0,1950,300.0,0
1040,6240,528.0,252.0,624.0,1936,52.0,1980,276.0,0
1536,6240,928.0,480.0,480.0,1930,52.0,1950,448.0,10
1068,6120,1124.0,164.0,288.0,1923,51.0,1950,960.0,0
1962,8094,888.0,888.0,572.0,1915,57.0,1950,0.0,0
1560,12900,780.0,780.0,0.0,1912,60.0,2009,0.0,0
1324,3068,662.0,662.0,180.0,1920,52.0,1993,0.0,0
1675,15263,1422.0,656.0,365.0,1959,100.0,1959,766.0,132
1224,10632,689.0,689.0,180.0,1917,72.0,1950,0.0,0
1392,9900,1212.0,186.0,0.0,1915,60.0,1950,1026.0,0
919,6001,600.0,232.0,231.0,1940,65.0,1950,368.0,0
1884,6449,707.0,634.0,0.0,1907,70.04995836802664,1950,73.0,0
1680,6048,856.0,120.0,450.0,1910,60.0,1950,736.0,144
1832,10773,1832.0,1128.0,0.0,1967,72.0,1967,704.0,58
892,7800,864.0,150.0,416.0,1966,65.0,2008,240.0,0
864,7832,864.0,89.0,280.0,1968,65.0,1968,775.0,0
1373,7424,1319.0,0.0,591.0,1978,70.04995836802664,1978,1319.0,0
1440,11227,720.0,0.0,480.0,1968,86.0,1968,267.0,38
1483,20062,1420.0,328.0,690.0,1977,70.04995836802664,2001,1092.0,0
756,9259,660.0,660.0,440.0,1927,94.0,1950,0.0,0
1981,17082,1117.0,153.0,522.0,1978,70.04995836802664,1992,964.0,104
1610,18600,972.0,0.0,480.0,1938,124.0,1990,288.0,0
1074,11479,663.0,172.0,467.0,1950,65.0,1987,104.0,52
1531,9350,756.0,564.0,209.0,1947,50.0,1979,192.0,0
1172,9525,1172.0,218.0,366.0,1954,75.0,1998,954.0,0
1508,17485,1508.0,162.0,572.0,2009,44.0,2010,1346.0,0
1298,11200,1250.0,1250.0,504.0,1964,70.04995836802664,1964,0.0,144
1433,11980,1433.0,0.0,528.0,1987,83.0,1987,1433.0,278
1802,12361,946.0,86.0,1017.0,1993,87.0,1993,860.0,92
1222,7360,1222.0,1198.0,615.0,2010,64.0,2010,24.0,54
1445,14235,676.0,676.0,484.0,1900,82.0,1993,0.0,59
965,11105,870.0,0.0,580.0,1996,82.0,1996,870.0,0
1692,9337,878.0,525.0,513.0,1997,70.04995836802664,1998,353.0,39
1026,15240,1026.0,140.0,308.0,1977,38.0,2004,198.0,85
876,7480,876.0,396.0,484.0,1972,68.0,1972,480.0,0
1978,10389,1978.0,296.0,850.0,2003,80.0,2003,1682.0,25
2098,9375,1040.0,1040.0,621.0,1997,75.0,1997,0.0,38
848,4435,848.0,176.0,420.0,2003,70.04995836802664,2003,672.0,0
640,8777,0.0,0.0,240.0,1945,67.0,2007,0.0,0
992,8842,381.0,381.0,319.0,1954,68.0,1954,0.0,0
1196,10044,1196.0,126.0,336.0,1968,60.0,1968,1070.0,0
1120,11792,744.0,744.0,480.0,1948,89.0,1950,0.0,0
1096,6305,1008.0,480.0,352.0,1975,65.0,1975,528.0,0
960,6410,960.0,960.0,0.0,1958,64.0,1958,0.0,0
1296,4853,1107.0,974.0,260.0,1924,67.0,1999,133.0,0
856,7890,856.0,618.0,399.0,1939,70.04995836802664,1950,238.0,0
2650,7200,0.0,0.0,0.0,1967,60.0,1967,0.0,0
1666,9839,894.0,894.0,0.0,1931,51.0,1950,0.0,156
2133,10452,1528.0,850.0,312.0,1941,78.0,1985,426.0,0
2177,15600,1032.0,657.0,484.0,1950,78.0,1991,375.0,0
1652,19645,423.0,80.0,473.0,1994,85.0,2007,343.0,0
1034,3907,982.0,235.0,598.0,1989,35.0,1989,747.0,36
1191,3907,1191.0,1115.0,531.0,1989,35.0,1989,76.0,81
540,8154,480.0,0.0,200.0,1941,58.0,1950,480.0,0
1107,9140,629.0,321.0,625.0,1921,50.0,1975,308.0,56
952,8712,756.0,756.0,330.0,1896,66.0,1950,0.0,0
1646,3811,1594.0,221.0,525.0,2004,44.0,2005,1373.0,53
1916,11050,1049.0,434.0,741.0,1998,85.0,1999,615.0,70
1285,9620,1243.0,564.0,473.0,1977,74.0,1977,679.0,26
2048,12760,1958.0,1958.0,776.0,1976,70.04995836802664,1976,0.0,0
1346,11896,1336.0,1258.0,660.0,2008,88.0,2008,78.0,48
1214,9803,1214.0,1214.0,520.0,2009,73.0,2010,0.0,25
1444,9802,384.0,384.0,400.0,2006,73.0,2007,0.0,0
1264,15300,1068.0,1026.0,528.0,1965,85.0,1977,42.0,0
1430,10114,1430.0,1430.0,624.0,2004,93.0,2005,0.0,0
1344,11875,1344.0,1344.0,686.0,1999,70.04995836802664,1999,0.0,0
945,2394,945.0,30.0,253.0,1973,31.0,1973,915.0,0
1092,1476,546.0,370.0,0.0,1970,21.0,1970,176.0,26
1092,1900,546.0,546.0,0.0,1970,21.0,1970,0.0,0
1092,1890,546.0,252.0,286.0,1972,21.0,1972,294.0,0
874,6953,864.0,395.0,352.0,1971,50.0,2004,469.0,0
833,12887,833.0,36.0,495.0,1984,76.0,1984,207.0,0
2432,7700,1216.0,1216.0,616.0,1985,70.0,1986,0.0,0
1274,10475,624.0,166.0,576.0,1991,63.0,1991,458.0,0
1479,10544,864.0,388.0,275.0,1969,68.0,1969,476.0,0
1803,9892,1679.0,54.0,482.0,1994,76.0,1995,1341.0,64
1797,12961,1152.0,208.0,616.0,1993,74.0,1994,944.0,312
882,13008,882.0,318.0,502.0,1956,74.0,1956,564.0,0
1434,10200,1434.0,590.0,528.0,1974,85.0,1974,844.0,21
1608,10179,945.0,98.0,470.0,1997,88.0,1997,847.0,30
2283,11792,1008.0,158.0,632.0,2003,70.04995836802664,2003,850.0,46
1628,8400,384.0,100.0,390.0,1996,60.0,1997,284.0,72
2522,7296,2208.0,243.0,564.0,2004,28.0,2005,1965.0,57
1478,7380,1418.0,1077.0,495.0,1998,61.0,1998,341.0,43
1734,8013,1587.0,846.0,528.0,1995,57.0,1996,741.0,50
1382,8923,384.0,195.0,396.0,1998,57.0,1998,189.0,0
1636,7500,952.0,476.0,440.0,1998,60.0,1999,476.0,84
1516,8803,707.0,107.0,409.0,1994,70.04995836802664,1995,600.0,46
1190,7250,1181.0,1181.0,430.0,1993,58.0,1993,0.0,21
1934,11900,1122.0,722.0,567.0,1977,85.0,1977,400.0,176
2050,13250,832.0,832.0,529.0,1978,70.04995836802664,1978,0.0,192
1671,10928,1427.0,1064.0,484.0,1978,80.0,1986,363.0,55
2673,12388,1043.0,441.0,441.0,1980,70.04995836802664,1991,602.0,84
1707,11088,1140.0,308.0,479.0,1978,80.0,1998,832.0,0
1884,7000,926.0,304.0,581.0,2003,70.0,2003,622.0,35
1874,7500,1058.0,1058.0,588.0,2000,70.04995836802664,2001,0.0,134
1811,8470,972.0,471.0,565.0,2002,70.04995836802664,2002,225.0,48
1621,9373,1621.0,120.0,478.0,1975,70.04995836802664,1975,1333.0,0
1116,10140,1116.0,228.0,528.0,1974,78.0,1974,888.0,0
1193,11050,1176.0,540.0,506.0,1975,85.0,1975,636.0,0
1180,7830,1180.0,1180.0,477.0,1970,70.04995836802664,1970,0.0,45
1050,8510,1043.0,543.0,336.0,1971,70.04995836802664,1971,500.0,0
864,7038,864.0,138.0,576.0,1970,60.0,1970,726.0,0
864,9000,864.0,624.0,576.0,1971,60.0,2006,240.0,0
987,1680,483.0,229.0,264.0,1973,21.0,1973,254.0,0
987,1680,483.0,79.0,288.0,1972,21.0,1972,110.0,0
1548,2308,804.0,498.0,440.0,1976,24.0,1976,306.0,0
1055,2280,1057.0,0.0,440.0,1975,24.0,1975,435.0,27
1456,2349,855.0,466.0,440.0,1977,24.0,1977,389.0,28
1548,2364,804.0,484.0,440.0,1978,24.0,1978,320.0,0
1456,2364,855.0,576.0,440.0,1978,24.0,1978,279.0,0
836,2104,836.0,300.0,345.0,1976,24.0,1976,536.0,20
1120,10710,864.0,220.0,656.0,1966,70.04995836802664,2004,644.0,162
2772,14257,1776.0,416.0,754.0,2007,110.0,2007,1360.0,64
2690,12350,1365.0,379.0,864.0,2009,95.0,2009,986.0,197
2020,12350,2020.0,788.0,896.0,2008,95.0,2008,1232.0,98
2674,13693,2630.0,342.0,762.0,2007,105.0,2007,2288.0,50
1736,11578,1736.0,1736.0,834.0,2008,95.0,2008,0.0,90
1782,16870,1782.0,251.0,932.0,2004,129.0,2005,1531.0,82
2520,23303,1508.0,278.0,640.0,2007,59.0,2007,1230.0,273
1743,10367,1739.0,724.0,927.0,2008,87.0,2008,1015.0,45
1531,10872,1504.0,467.0,700.0,2006,77.0,2006,1037.0,52
1808,13514,1774.0,632.0,850.0,2008,102.0,2008,1142.0,26
1760,12878,1760.0,498.0,583.0,2003,90.0,2004,1262.0,190
2452,15274,2452.0,480.0,886.0,2003,110.0,2003,1972.0,116
2400,13262,1082.0,1082.0,730.0,2003,96.0,2004,0.0,40
1606,9658,1598.0,1598.0,871.0,2006,70.0,2006,0.0,60
1358,6904,1358.0,522.0,484.0,2005,47.0,2005,836.0,36
1306,5122,1306.0,425.0,624.0,2005,34.0,2005,881.0,63
1358,10307,1350.0,474.0,484.0,2007,80.0,2008,876.0,26
2492,14836,2492.0,346.0,949.0,2004,100.0,2005,2146.0,235
2200,15262,2200.0,643.0,685.0,2003,117.0,2004,1557.0,55
1884,7390,1884.0,1084.0,649.0,2008,44.0,2009,800.0,90
1456,6472,1451.0,1451.0,539.0,2008,48.0,2008,0.0,42
1712,16770,1712.0,516.0,701.0,2002,129.0,2003,1196.0,183
1405,3480,1405.0,1405.0,478.0,2003,48.0,2003,0.0,36
1456,10928,728.0,728.0,390.0,2005,63.0,2005,0.0,0
1490,8918,745.0,745.0,392.0,2005,57.0,2006,0.0,20
1220,3182,1220.0,1204.0,397.0,2005,43.0,2006,16.0,16
1374,9434,384.0,384.0,400.0,2004,59.0,2005,0.0,0
1630,7984,868.0,868.0,436.0,2004,62.0,2005,0.0,48
1594,10125,846.0,846.0,434.0,2004,61.0,2004,0.0,48
1489,8965,782.0,130.0,400.0,2003,70.04995836802664,2003,652.0,75
1342,8174,698.0,204.0,393.0,2003,70.04995836802664,2003,494.0,56
2004,12891,870.0,219.0,644.0,2002,70.04995836802664,2002,651.0,48
1374,9734,384.0,30.0,400.0,2004,61.0,2004,241.0,0
1514,8433,794.0,111.0,394.0,2000,42.0,2000,683.0,72
1430,7750,384.0,384.0,400.0,1999,62.0,2000,0.0,0
2312,15896,1177.0,264.0,658.0,1999,70.04995836802664,1999,913.0,0
1430,7848,384.0,384.0,410.0,1999,64.0,1999,0.0,0
2687,12720,1455.0,282.0,810.0,2000,106.0,2000,1173.0,30
2063,10750,2024.0,262.0,815.0,1994,70.04995836802664,1995,236.0,56
2061,9085,1070.0,254.0,647.0,1995,79.0,1996,816.0,102
2232,11692,1173.0,549.0,623.0,1993,70.04995836802664,1994,624.0,165
1696,11194,1696.0,1696.0,972.0,2008,86.0,2008,0.0,56
1658,10206,1614.0,1614.0,726.0,2008,78.0,2008,0.0,44
1702,10130,1702.0,408.0,844.0,2007,85.0,2007,1294.0,69
1432,9139,1422.0,1043.0,492.0,2006,76.0,2006,379.0,50
2490,11128,2458.0,300.0,795.0,2005,85.0,2006,2158.0,226
1436,7993,1436.0,1436.0,529.0,2008,90.0,2009,0.0,121
1402,8640,1402.0,1402.0,625.0,2008,72.0,2008,0.0,126
1530,12606,1530.0,1530.0,984.0,2007,112.0,2008,0.0,136
1448,7500,1372.0,1348.0,692.0,2006,75.0,2007,24.0,140
1795,10603,900.0,218.0,782.0,2006,84.0,2006,682.0,45
1836,8125,1836.0,1836.0,517.0,2008,65.0,2009,0.0,175
1662,10625,1652.0,222.0,711.0,2006,85.0,2007,1430.0,120
1553,8736,1553.0,422.0,588.0,2003,68.0,2004,771.0,88
1653,8127,812.0,402.0,628.0,2003,65.0,2003,410.0,45
1218,9605,1218.0,1218.0,576.0,2007,80.0,2007,0.0,178
1141,7500,1141.0,1087.0,484.0,2006,63.0,2006,54.0,0
1158,7500,1158.0,1158.0,0.0,2004,63.0,2004,0.0,50
1812,10628,835.0,835.0,478.0,2004,96.0,2004,0.0,91
1512,10141,1512.0,222.0,845.0,2004,76.0,2004,516.0,36
1114,13072,1114.0,1114.0,576.0,2004,63.0,2005,0.0,102
1114,13072,1114.0,1114.0,0.0,2004,63.0,2004,0.0,39
1114,12450,1114.0,278.0,576.0,2003,60.0,2004,836.0,42
1450,7328,1450.0,1450.0,788.0,2008,61.0,2009,0.0,93
2122,11492,913.0,276.0,559.0,1996,43.0,1997,637.0,74
1730,7703,816.0,400.0,528.0,1992,70.0,1992,52.0,91
1332,7175,1332.0,1332.0,542.0,1990,50.0,1991,0.0,60
1540,9109,754.0,122.0,495.0,1994,70.0,1994,36.0,32
1400,10274,676.0,345.0,465.0,1986,70.04995836802664,1986,331.0,48
1882,8250,0.0,0.0,612.0,1981,75.0,1981,0.0,0
980,9750,980.0,28.0,400.0,1962,63.0,1962,68.0,28
864,8499,864.0,204.0,732.0,1961,70.04995836802664,1961,660.0,312
864,9079,864.0,0.0,440.0,1961,70.04995836802664,1961,864.0,0
1020,9316,1024.0,480.0,288.0,1965,70.04995836802664,1965,544.0,0
912,7791,912.0,288.0,300.0,1963,70.04995836802664,1995,624.0,0
912,7150,912.0,182.0,252.0,1962,65.0,1962,140.0,0
2014,15676,2014.0,189.0,864.0,1980,70.04995836802664,1980,1733.0,0
1755,11949,975.0,158.0,524.0,1991,70.04995836802664,2008,601.0,60
3005,2880,1376.0,1376.0,704.0,2004,32.0,2005,0.0,177
1726,3830,1726.0,1726.0,561.0,2008,70.04995836802664,2008,0.0,254
1256,4217,1145.0,183.0,641.0,2008,70.04995836802664,2008,962.0,169
1512,2998,756.0,249.0,440.0,2000,34.0,2000,507.0,32
1452,3768,691.0,142.0,506.0,1999,35.0,1999,549.0,34
1694,14694,1694.0,306.0,642.0,1977,70.04995836802664,2008,1252.0,120
1740,15417,1740.0,1619.0,540.0,1981,110.0,1981,121.0,20
2499,9600,392.0,392.0,527.0,1976,80.0,1976,0.0,64
2067,12732,752.0,150.0,784.0,1974,70.04995836802664,1974,560.0,40
2640,10400,932.0,932.0,515.0,1967,80.0,1997,0.0,120
1336,9600,1288.0,588.0,502.0,1969,80.0,1969,553.0,11
1216,9000,1216.0,261.0,336.0,1969,75.0,1969,955.0,0
2288,13774,908.0,476.0,520.0,1977,70.04995836802664,1992,432.0,72
864,7130,864.0,216.0,312.0,1967,62.0,1967,648.0,0
1568,9600,1568.0,1568.0,440.0,1967,80.0,1967,0.0,40
2061,9600,1165.0,467.0,498.0,1974,80.0,1974,698.0,77
1320,16500,1232.0,270.0,495.0,1971,70.04995836802664,1971,962.0,20
894,7436,894.0,160.0,396.0,1960,60.0,1960,734.0,0
864,8125,864.0,461.0,308.0,1959,65.0,1959,403.0,0
1362,9450,1040.0,265.0,768.0,1957,70.04995836802664,1957,775.0,0
1728,13495,1048.0,222.0,576.0,1956,70.04995836802664,1956,625.0,99
1313,9350,1313.0,491.0,610.0,1961,85.0,1995,310.0,28
1292,10500,1292.0,294.0,520.0,1964,115.0,1964,998.0,32
2140,8970,744.0,356.0,549.0,1965,70.04995836802664,1965,388.0,40
1576,11475,1208.0,640.0,368.0,1961,85.0,1961,568.0,0
960,9768,960.0,613.0,330.0,1955,68.0,1955,100.0,70
1691,9900,1680.0,507.0,550.0,1967,90.0,1967,1173.0,67
1453,10573,1453.0,141.0,530.0,1961,92.0,1961,1312.0,49
1567,14695,1562.0,175.0,542.0,1966,80.0,2008,1387.0,110
1144,8760,1169.0,313.0,286.0,1956,73.0,1956,856.0,0
1329,12285,1329.0,785.0,441.0,1960,70.04995836802664,1960,544.0,0
988,9240,988.0,280.0,297.0,1959,66.0,1998,708.0,0
1202,8750,1202.0,565.0,304.0,1956,70.0,1956,435.0,35
1382,8750,1382.0,727.0,350.0,1955,70.0,1955,172.0,0
1200,10400,1200.0,295.0,294.0,1956,80.0,1956,155.0,189
1866,9482,1866.0,1866.0,495.0,1958,76.0,1958,0.0,0
1062,8128,1062.0,572.0,297.0,1954,53.0,1954,490.0,0
1112,13070,631.0,323.0,480.0,1951,67.0,1951,308.0,0
793,8480,793.0,93.0,240.0,1945,80.0,1950,700.0,0
1031,7626,1031.0,100.0,230.0,1952,60.0,2005,931.0,0
1210,9533,0.0,0.0,616.0,1953,75.0,1953,0.0,0
1527,11419,699.0,0.0,410.0,1948,78.0,1999,699.0,0
1200,9600,1200.0,810.0,246.0,1950,60.0,1950,390.0,0
792,5470,792.0,792.0,366.0,1958,53.0,1958,0.0,90
1352,10800,676.0,676.0,720.0,1939,60.0,2006,0.0,0
1039,8146,405.0,405.0,281.0,1900,80.0,2003,0.0,0
1078,10230,1054.0,1054.0,264.0,1925,60.0,1950,0.0,0
2377,10410,1313.0,1313.0,528.0,1915,60.0,1950,0.0,0
1690,7200,560.0,560.0,624.0,1910,60.0,2008,0.0,0
599,5400,416.0,416.0,0.0,1940,90.0,1950,0.0,81
846,10800,720.0,720.0,576.0,1920,60.0,1950,0.0,0
725,10800,630.0,630.0,320.0,1890,60.0,1998,0.0,30
2544,9671,1248.0,1248.0,907.0,1969,81.0,1969,0.0,0
1380,10143,1380.0,996.0,364.0,1963,83.0,1963,384.0,0
1040,11500,1040.0,108.0,480.0,1967,77.0,1967,872.0,0
951,8010,951.0,206.0,480.0,1958,62.0,2007,745.0,0
1105,10454,1105.0,559.0,308.0,1957,90.0,1957,546.0,0
1142,9000,160.0,160.0,384.0,1958,80.0,1958,0.0,28
1133,8064,795.0,174.0,900.0,1950,60.0,1950,621.0,0
1041,7350,1041.0,1041.0,294.0,1958,71.0,1958,0.0,0
732,7200,732.0,0.0,240.0,1952,60.0,1952,630.0,68
1183,8000,528.0,0.0,288.0,1959,80.0,1959,433.0,0
1461,10800,832.0,832.0,384.0,1949,60.0,1996,0.0,204
1495,8064,864.0,744.0,576.0,1948,60.0,1994,120.0,36
1806,7570,780.0,780.0,483.0,1964,76.0,1964,0.0,55
941,8604,941.0,0.0,564.0,1978,75.0,1978,941.0,40
1045,7936,1045.0,219.0,264.0,1963,80.0,1963,826.0,0
1378,4080,901.0,901.0,162.0,1935,68.0,1998,0.0,0
1944,10307,972.0,339.0,324.0,1910,57.0,1950,633.0,28
1306,15660,240.0,240.0,472.0,1910,90.0,2003,0.0,0
1464,9900,504.0,504.0,0.0,1910,90.0,2002,0.0,0
1558,6406,690.0,269.0,400.0,1939,57.0,1950,421.0,36
1701,7627,600.0,600.0,0.0,1920,63.0,1950,0.0,0
1447,10134,801.0,801.0,0.0,1910,56.0,1950,0.0,0
1328,6000,768.0,384.0,308.0,1950,50.0,1970,384.0,12
861,7404,861.0,861.0,288.0,1920,62.0,1950,0.0,0
612,5925,0.0,0.0,308.0,1940,50.0,1950,0.0,0
792,8520,624.0,624.0,287.0,1923,60.0,1950,0.0,0
1510,9600,677.0,677.0,720.0,1910,60.0,1950,0.0,0
2007,8400,917.0,917.0,357.0,1900,70.0,1950,0.0,235
1288,3600,624.0,624.0,280.0,1917,60.0,2007,0.0,103
816,3300,624.0,624.0,0.0,1910,70.04995836802664,1950,0.0,33
1480,5400,972.0,972.0,207.0,1920,60.0,1950,0.0,0
1521,9720,741.0,741.0,640.0,1910,60.0,2002,0.0,0
797,9392,245.0,245.0,0.0,1900,72.0,1950,0.0,36
1432,6615,1022.0,1022.0,216.0,1923,70.04995836802664,1950,0.0,61
1654,4960,297.0,297.0,336.0,1930,50.0,1982,0.0,60
1142,6000,468.0,248.0,320.0,1924,60.0,1950,220.0,0
995,6120,960.0,960.0,264.0,1925,51.0,1999,0.0,15
1582,6120,952.0,679.0,250.0,1938,51.0,1950,273.0,0
1072,8635,1072.0,938.0,1184.0,1925,50.0,1950,134.0,0
1768,8094,1048.0,1048.0,576.0,1915,57.0,1950,0.0,0
1944,9928,672.0,672.0,216.0,1915,68.0,1994,0.0,28
2128,3000,1040.0,1040.0,0.0,1922,50.0,1950,0.0,56
1930,6876,720.0,198.0,316.0,1927,57.0,1950,522.0,0
1427,5775,483.0,483.0,379.0,1915,70.04995836802664,2002,0.0,24
1864,5852,1020.0,851.0,0.0,1902,41.0,2000,169.0,188
1666,5160,1204.0,1204.0,384.0,1927,60.0,1950,0.0,0
892,5160,858.0,46.0,0.0,1923,86.0,1950,749.0,0
1403,10320,698.0,160.0,308.0,1915,60.0,1965,276.0,0
704,4280,560.0,560.0,220.0,1946,50.0,2001,0.0,0
1200,10800,1200.0,0.0,0.0,1987,60.0,1988,1200.0,0
1152,10547,1152.0,0.0,252.0,1978,70.04995836802664,1978,1152.0,0
1112,9780,585.0,585.0,226.0,1934,60.0,1950,0.0,0
1052,11625,1052.0,525.0,668.0,1967,75.0,1967,527.0,215
1034,8014,456.0,0.0,504.0,1978,70.04995836802664,1978,456.0,0
1774,15400,552.0,552.0,384.0,1961,88.0,1961,0.0,40
1138,15312,1138.0,550.0,480.0,1960,88.0,1960,588.0,0
2071,15584,825.0,825.0,336.0,1956,70.04995836802664,1956,0.0,28
660,9000,0.0,0.0,0.0,1947,70.04995836802664,1950,0.0,0
1383,15635,0.0,0.0,498.0,1954,70.04995836802664,1954,0.0,0
1073,9571,1073.0,816.0,340.0,1956,68.0,1956,257.0,0
1639,9350,747.0,405.0,240.0,1946,50.0,1950,342.0,50
1089,7440,1089.0,916.0,252.0,1954,62.0,1954,173.0,0
1049,4235,1049.0,104.0,266.0,1984,42.0,1984,552.0,105
1061,10778,1054.0,308.0,462.0,1990,74.0,1991,460.0,36
1338,19255,520.0,0.0,576.0,1983,66.0,1983,70.0,0
1879,10560,1079.0,605.0,473.0,1993,85.0,1994,474.0,100
2016,26400,0.0,0.0,576.0,1880,120.0,2007,0.0,0
2228,7018,0.0,0.0,720.0,1979,64.0,1979,0.0,0
1535,7018,0.0,0.0,400.0,1979,64.0,1979,0.0,0
1229,7040,1094.0,0.0,672.0,1979,64.0,1979,1094.0,0
1513,7007,0.0,0.0,400.0,1979,64.0,1979,0.0,0
2787,11855,1168.0,348.0,820.0,2000,70.04995836802664,2000,820.0,0
2787,7939,1168.0,348.0,820.0,2000,70.04995836802664,2000,820.0,0
2787,7976,1168.0,348.0,820.0,2000,70.04995836802664,2000,820.0,0
1680,10933,1555.0,534.0,1138.0,2009,84.0,2009,1021.0,24
1720,10816,1720.0,616.0,846.0,2008,65.0,2008,1104.0,104
1468,9178,1468.0,1468.0,904.0,2008,71.0,2008,0.0,142
1838,11422,1838.0,479.0,524.0,2007,77.0,2008,1359.0,222
1290,6762,1282.0,380.0,662.0,2007,64.0,2007,902.0,0
1254,10324,1254.0,382.0,810.0,2008,95.0,2008,872.0,92
1498,11645,1498.0,1474.0,844.0,2005,78.0,2006,24.0,98
1422,11646,704.0,704.0,440.0,2005,79.0,2006,0.0,28
1759,16698,1449.0,649.0,525.0,1992,70.04995836802664,1993,800.0,193
990,9757,990.0,235.0,440.0,1994,65.0,1994,755.0,0
1463,14753,1463.0,513.0,539.0,1998,65.0,1998,950.0,81
1772,8750,928.0,322.0,492.0,1998,70.0,1998,606.0,96
1444,10739,1431.0,172.0,577.0,2002,65.0,2001,1259.0,40
1492,11166,1492.0,1468.0,608.0,2001,75.0,2001,24.0,114
907,16269,907.0,282.0,343.0,1978,70.04995836802664,1978,625.0,0
914,6950,914.0,132.0,444.0,1979,76.0,1979,710.0,0
1611,11664,1569.0,335.0,1231.0,2002,90.0,2002,1234.0,93
2184,12334,1068.0,1068.0,570.0,2003,70.04995836802664,2003,0.0,132
1725,8749,840.0,840.0,550.0,2002,70.0,2002,0.0,48
1870,11250,944.0,944.0,608.0,2001,70.04995836802664,2001,0.0,43
1513,15750,1462.0,216.0,521.0,1999,90.0,2000,1246.0,34
1828,12782,1822.0,462.0,523.0,2002,70.04995836802664,2003,1360.0,144
1417,8750,1417.0,306.0,511.0,1997,70.0,1998,1111.0,0
1602,10200,1578.0,100.0,810.0,2007,85.0,2007,1478.0,48
1396,11069,608.0,608.0,440.0,2007,85.0,2007,0.0,36
1149,10682,1014.0,615.0,544.0,1960,80.0,1971,399.0,240
1072,3675,547.0,0.0,525.0,2005,35.0,2006,547.0,28
876,6410,876.0,301.0,320.0,1959,64.0,1959,332.0,0
1368,11767,1078.0,0.0,195.0,1950,70.0,1950,1078.0,41
1678,10926,1678.0,1678.0,0.0,1959,65.0,1959,0.0,0
1560,11767,1150.0,604.0,313.0,1956,70.0,1956,546.0,0
1298,8212,720.0,94.0,256.0,1941,45.0,1950,626.0,0
1268,6300,832.0,0.0,250.0,1938,70.0,1950,832.0,0
1242,5707,583.0,583.0,180.0,1935,43.0,1950,0.0,96
1232,8574,816.0,816.0,440.0,1916,64.0,2000,0.0,0
1228,7155,600.0,600.0,215.0,1918,53.0,1990,0.0,113
1567,13680,840.0,112.0,440.0,1940,60.0,1950,728.0,21
1273,14680,1273.0,480.0,307.0,1960,80.0,1960,793.0,0
2480,8145,920.0,674.0,400.0,1940,70.04995836802664,1950,246.0,0
1112,9100,1112.0,264.0,390.0,1954,70.0,1954,154.0,0
1561,13339,1561.0,621.0,463.0,1960,90.0,1960,65.0,148
1523,15600,1067.0,248.0,295.0,1949,78.0,2005,312.0,0
1906,17500,1310.0,91.0,576.0,1954,100.0,1954,784.0,201
1032,1733,516.0,516.0,452.0,1980,24.0,1980,0.0,0
1229,1488,561.0,90.0,462.0,1980,24.0,1992,471.0,0
1229,1612,561.0,561.0,462.0,1980,24.0,1980,0.0,0
1982,13607,572.0,118.0,501.0,1986,70.04995836802664,1986,454.0,112
2365,17597,1803.0,581.0,551.0,1971,70.04995836802664,2009,803.0,144
2168,8660,760.0,760.0,576.0,1900,50.0,1993,0.0,160
572,10200,572.0,572.0,200.0,1925,60.0,1950,0.0,0
1648,3843,1596.0,120.0,482.0,2007,44.0,2008,1476.0,53
810,21780,0.0,0.0,280.0,1910,109.0,1950,0.0,24
2052,10125,1107.0,412.0,642.0,2000,75.0,2001,445.0,91
926,9750,902.0,135.0,351.0,1977,75.0,1977,767.0,0
1287,9360,957.0,0.0,541.0,1977,72.0,1977,841.0,39
1595,11070,1582.0,1527.0,672.0,1991,82.0,1991,55.0,0
2036,13438,2190.0,432.0,780.0,2008,113.0,2008,1758.0,154
1641,14463,1641.0,526.0,885.0,2008,79.0,2008,1115.0,95
2237,9839,712.0,250.0,440.0,1980,70.04995836802664,2006,462.0,24
1479,14419,1645.0,117.0,578.0,1987,125.0,1989,904.0,238
2014,9157,912.0,912.0,486.0,2003,75.0,2003,0.0,114
1978,12633,1978.0,338.0,920.0,2007,85.0,2007,1640.0,52
1008,12518,1008.0,476.0,384.0,1968,75.0,1968,532.0,0
1404,13383,1188.0,594.0,504.0,1969,83.0,2000,594.0,16
796,7689,796.0,0.0,336.0,1972,50.0,1972,720.0,0
1091,7706,384.0,0.0,429.0,1993,62.0,1996,114.0,0
883,7669,828.0,0.0,698.0,1992,70.0,1993,718.0,32
1287,10429,624.0,294.0,440.0,1992,62.0,1992,330.0,0
1632,10457,784.0,0.0,898.0,1969,70.0,1969,496.0,173
1604,8702,926.0,220.0,470.0,1997,72.0,1998,706.0,36
1470,8139,680.0,204.0,420.0,1995,65.0,1996,476.0,49
1604,9535,926.0,75.0,472.0,1998,59.0,1998,851.0,82
1636,15038,916.0,778.0,386.0,1996,70.04995836802664,1996,138.0,84
1384,14137,1348.0,898.0,404.0,1996,53.0,1997,450.0,39
1682,6264,1664.0,1008.0,528.0,1997,45.0,1997,656.0,0
1280,5070,1280.0,1280.0,506.0,1992,39.0,1992,0.0,82
1633,11184,932.0,932.0,460.0,1998,73.0,1998,0.0,39
1709,14067,836.0,332.0,416.0,1991,70.04995836802664,1991,504.0,40
1337,5950,1337.0,1018.0,462.0,1989,65.0,1989,319.0,73
2500,13543,1168.0,1152.0,683.0,2005,101.0,2005,16.0,32
1884,15401,1884.0,547.0,670.0,2004,53.0,2004,1337.0,76
1474,31220,1632.0,1632.0,495.0,1952,70.04995836802664,1952,0.0,0
1710,8118,1710.0,676.0,557.0,2007,60.0,2007,1034.0,48
1488,47280,1488.0,1488.0,738.0,1950,70.04995836802664,1950,0.0,0
1688,12680,1675.0,692.0,528.0,1988,63.0,1988,983.0,48
1260,10825,1260.0,513.0,598.0,1983,70.04995836802664,1983,747.0,0
2064,18559,2048.0,656.0,550.0,1978,56.0,1978,1206.0,0
1782,14450,1782.0,469.0,551.0,1979,85.0,1979,864.0,0
1211,13068,1211.0,273.0,461.0,1976,90.0,1976,890.0,0
2044,10400,738.0,738.0,489.0,1980,80.0,1988,0.0,73
1308,9743,720.0,440.0,484.0,1969,75.0,1969,280.0,0
2840,12511,1420.0,432.0,1314.0,1978,70.04995836802664,1978,988.0,16
1444,10400,1444.0,1444.0,473.0,1976,80.0,1976,0.0,24
2340,14311,1236.0,213.0,787.0,1996,70.04995836802664,1996,1023.0,180
1792,9000,896.0,896.0,480.0,1974,60.0,1974,0.0,45
936,10295,936.0,684.0,288.0,1969,68.0,1969,252.0,0
864,7560,864.0,132.0,576.0,1971,63.0,1971,119.0,0
987,1680,483.0,25.0,264.0,1973,21.0,1973,458.0,0
987,1890,483.0,0.0,352.0,1972,21.0,1972,483.0,0
1302,1680,630.0,280.0,264.0,1972,21.0,1972,350.0,0
1456,2308,855.0,275.0,460.0,1975,24.0,1975,286.0,0
1055,2529,1055.0,677.0,440.0,1977,24.0,1977,378.0,38
1582,12704,1582.0,570.0,905.0,2007,98.0,2007,1012.0,95
2464,13693,2418.0,195.0,650.0,2007,105.0,2007,1728.0,78
1950,14418,1950.0,575.0,706.0,2007,104.0,2007,1375.0,207
2748,13418,1850.0,430.0,850.0,2006,108.0,2006,1420.0,182
2790,12539,1620.0,538.0,1150.0,2005,96.0,2006,1082.0,200
2331,12151,1414.0,165.0,1003.0,2005,102.0,2005,1249.0,63
2088,8899,948.0,908.0,656.0,2007,74.0,2007,40.0,24
2332,10574,1148.0,292.0,756.0,2004,85.0,2004,856.0,142
2470,12720,2535.0,278.0,789.0,2003,106.0,2003,2257.0,65
1575,10845,1603.0,454.0,732.0,2003,92.0,2004,1149.0,28
2649,16900,1479.0,404.0,746.0,2001,130.0,2002,1075.0,60
2690,16451,1765.0,1765.0,795.0,2003,112.0,2003,0.0,58
1866,10110,1858.0,1486.0,870.0,2008,58.0,2008,372.0,48
1367,12304,1367.0,1347.0,484.0,2005,135.0,2005,20.0,33
1800,8232,1800.0,596.0,944.0,2007,89.0,2008,1204.0,0
1342,6240,1342.0,496.0,550.0,2006,48.0,2007,846.0,35
1342,6240,1342.0,1318.0,550.0,2006,48.0,2007,24.0,35
1626,2448,764.0,764.0,474.0,2003,36.0,2004,0.0,27
1455,3940,1415.0,342.0,644.0,2003,70.04995836802664,2003,1073.0,20
1576,3940,1393.0,306.0,668.0,2004,70.04995836802664,2004,1087.0,20
1246,3710,1146.0,1146.0,428.0,2007,53.0,2008,0.0,24
1515,9024,789.0,789.0,393.0,2004,80.0,2004,0.0,75
1720,8010,840.0,840.0,400.0,2002,70.04995836802664,2003,0.0,48
1986,8396,847.0,847.0,434.0,2003,70.04995836802664,2003,0.0,48
1358,7301,1350.0,474.0,484.0,2007,55.0,2008,876.0,26
1892,8220,982.0,438.0,431.0,2000,71.0,2001,544.0,0
1414,7750,707.0,707.0,403.0,2002,70.04995836802664,2002,0.0,35
2322,12460,1037.0,167.0,400.0,1999,41.0,2000,870.0,44
1651,8390,831.0,831.0,450.0,1999,77.0,1999,0.0,103
2199,9660,1173.0,1173.0,516.0,1997,84.0,1997,0.0,131
2172,11000,1519.0,1519.0,687.0,2000,70.04995836802664,2000,0.0,153
2006,11675,1982.0,322.0,938.0,1998,136.0,1998,1660.0,33
2125,10990,1064.0,213.0,576.0,1996,97.0,1997,851.0,0
2501,11929,1242.0,1242.0,751.0,1995,70.04995836802664,1995,0.0,87
2197,10010,1080.0,0.0,783.0,1993,91.0,1994,228.0,99
1578,13253,1578.0,482.0,642.0,2006,74.0,2006,1096.0,26
1861,9801,1341.0,1341.0,851.0,2007,73.0,2007,0.0,60
1874,9428,955.0,226.0,880.0,2007,80.0,2008,729.0,108
1460,10037,1460.0,794.0,480.0,2006,87.0,2007,666.0,20
1372,8640,1363.0,1339.0,588.0,2007,72.0,2008,24.0,113
1660,10625,1660.0,1660.0,660.0,2007,85.0,2007,0.0,120
1218,7500,1218.0,316.0,462.0,2007,62.0,2008,902.0,168
1696,10110,835.0,200.0,542.0,2003,68.0,2003,80.0,66
1663,12774,835.0,835.0,478.0,2003,67.0,2004,0.0,68
1175,13072,1175.0,1095.0,0.0,2005,63.0,2006,80.0,90
1162,9260,1162.0,1162.0,483.0,2007,81.0,2007,0.0,32
1609,8453,754.0,392.0,525.0,1995,65.0,1995,362.0,70
1680,8480,886.0,284.0,474.0,1993,50.0,1994,602.0,96
1657,14565,832.0,295.0,483.0,1994,43.0,1995,537.0,74
1677,8450,827.0,355.0,627.0,2001,65.0,2001,472.0,68
1737,8285,836.0,439.0,506.0,1992,75.0,1992,397.0,85
984,9100,984.0,132.0,384.0,1963,70.0,1963,53.0,56
864,8100,864.0,100.0,420.0,1961,75.0,2007,764.0,0
890,8450,890.0,0.0,308.0,1968,65.0,1968,890.0,0
864,6360,864.0,375.0,276.0,1963,60.0,1963,489.0,0
1430,19508,1430.0,630.0,484.0,1974,95.0,1974,800.0,108
1641,10759,1001.0,0.0,490.0,1972,70.0,1972,190.0,0
2683,9205,930.0,226.0,473.0,1990,70.04995836802664,1991,704.0,251
2786,11025,1848.0,1328.0,636.0,1993,105.0,1994,520.0,49
1245,3435,1235.0,1211.0,495.0,2004,37.0,2005,24.0,100
1200,3180,600.0,210.0,480.0,2005,30.0,2005,390.0,166
1392,3180,689.0,689.0,540.0,2007,30.0,2007,0.0,102
1549,2280,744.0,194.0,440.0,1999,24.0,1999,550.0,32
1638,4765,1614.0,587.0,495.0,2000,70.04995836802664,2000,1027.0,68
1310,4538,1310.0,306.0,545.0,2001,70.04995836802664,2001,1004.0,45
1419,4385,1419.0,455.0,588.0,2001,42.0,2001,964.0,58
1557,4109,1557.0,416.0,484.0,1999,35.0,2000,1141.0,113
1404,2160,672.0,72.0,462.0,1999,24.0,2000,600.0,0
1789,10646,858.0,177.0,546.0,2001,79.0,2001,681.0,0
1586,2645,960.0,348.0,480.0,1999,24.0,1999,612.0,0
1607,2645,960.0,147.0,480.0,1999,24.0,2000,813.0,0
2393,3951,970.0,0.0,846.0,1998,36.0,1999,128.0,90
1239,11064,1230.0,0.0,477.0,1995,22.0,1995,560.0,24
2944,24572,994.0,584.0,864.0,1977,70.04995836802664,1977,410.0,70
1671,16280,1426.0,0.0,550.0,1976,103.0,2007,1044.0,90
1812,7500,952.0,952.0,469.0,2002,70.04995836802664,2002,0.0,112
1427,11104,1427.0,599.0,516.0,1969,70.04995836802664,1969,828.0,0
1740,11050,1740.0,1439.0,512.0,1968,85.0,1968,301.0,0
1620,15387,1620.0,723.0,578.0,1967,70.04995836802664,1967,603.0,62
1625,9750,1625.0,1625.0,484.0,1965,75.0,1965,0.0,0
1464,8814,732.0,0.0,470.0,1968,73.0,1968,732.0,40
925,8125,912.0,196.0,576.0,1965,65.0,2005,260.0,0
1728,11072,1728.0,1728.0,576.0,1965,72.0,1965,0.0,0
1670,13355,825.0,242.0,464.0,1971,70.04995836802664,1971,583.0,0
1014,7785,0.0,0.0,267.0,1956,74.0,1956,0.0,0
1114,9900,1114.0,1114.0,451.0,1961,90.0,1961,0.0,0
1118,11332,1118.0,590.0,264.0,1960,70.04995836802664,2000,528.0,0
906,4882,348.0,228.0,231.0,1937,50.0,1950,120.0,0
1496,9600,1296.0,638.0,450.0,1960,80.0,1960,658.0,22
1337,9600,572.0,232.0,264.0,1950,80.0,2006,32.0,192
1036,7584,1036.0,505.0,312.0,1953,63.0,1953,531.0,24
1988,14670,1104.0,529.0,480.0,1966,90.0,1999,575.0,230
1176,8856,1176.0,503.0,292.0,1957,74.0,1957,621.0,88
1440,9840,1248.0,195.0,480.0,1959,82.0,1998,1053.0,0
1570,13200,1395.0,437.0,441.0,1958,90.0,1958,958.0,0
1104,10425,1104.0,330.0,384.0,1956,75.0,1958,774.0,0
882,11556,720.0,572.0,240.0,1952,60.0,1952,148.0,0
1152,9373,1152.0,456.0,636.0,1953,102.0,1953,500.0,0
950,12774,984.0,232.0,400.0,1953,70.04995836802664,1953,624.0,32
1790,14250,998.0,998.0,540.0,1957,95.0,1957,0.0,40
1764,8838,0.0,0.0,301.0,1957,71.0,1982,0.0,72
1824,12436,1824.0,1824.0,484.0,1957,76.0,1957,0.0,0
869,10122,0.0,0.0,390.0,1948,60.0,1950,0.0,0
1159,7506,747.0,747.0,288.0,1925,45.0,1950,0.0,0
672,5400,672.0,672.0,308.0,1940,60.0,2005,0.0,108
1436,10836,892.0,892.0,1488.0,1922,60.0,1950,0.0,0
1044,10180,912.0,168.0,372.0,1968,78.0,1968,744.0,48
1312,11355,1312.0,675.0,495.0,1958,76.0,2001,637.0,304
1081,12929,1081.0,384.0,401.0,1960,70.04995836802664,1993,697.0,82
876,7200,876.0,444.0,576.0,1951,60.0,1951,432.0,0
1256,8000,1256.0,292.0,311.0,1959,80.0,1959,476.0,240
1027,8000,1027.0,188.0,299.0,1962,80.0,1962,520.0,0
1320,8064,768.0,453.0,576.0,1948,60.0,1950,315.0,0
984,6390,936.0,936.0,280.0,1954,64.0,1954,0.0,0
1278,7200,854.0,181.0,240.0,1954,60.0,1954,673.0,0
1800,8513,1800.0,1800.0,0.0,1961,113.0,1961,0.0,0
1588,7200,768.0,398.0,480.0,1955,60.0,1967,370.0,0
825,7200,825.0,825.0,350.0,1954,60.0,1954,0.0,0
1117,7590,1117.0,1117.0,264.0,1963,69.0,1963,0.0,0
1133,9836,192.0,96.0,308.0,2008,56.0,2008,96.0,175
1323,9184,780.0,780.0,400.0,1948,57.0,2005,0.0,0
1360,4800,680.0,680.0,330.0,1910,80.0,2003,0.0,50
672,4800,672.0,672.0,256.0,1940,60.0,1950,0.0,0
1456,6000,728.0,728.0,308.0,1915,60.0,2005,0.0,0
1594,11426,828.0,828.0,0.0,1910,63.0,1996,0.0,172
1656,7628,801.0,801.0,440.0,1940,63.0,1985,0.0,0
1740,7308,936.0,576.0,225.0,1920,81.0,1950,360.0,0
1027,5400,931.0,931.0,0.0,1920,60.0,2006,0.0,28
1436,10800,884.0,294.0,828.0,1940,60.0,1950,590.0,0
899,6756,481.0,481.0,200.0,1910,60.0,1950,0.0,0
1080,5914,684.0,684.0,0.0,1890,44.0,1996,0.0,165
1499,9000,904.0,459.0,869.0,1946,75.0,1950,445.0,20
407,7311,407.0,407.0,297.0,1946,62.0,1950,0.0,0
1588,12205,448.0,448.0,0.0,1949,103.0,1992,0.0,0
1627,9142,797.0,797.0,420.0,1900,69.0,2006,0.0,0
1450,5350,624.0,508.0,288.0,1920,53.0,1965,116.0,192
1017,9143,346.0,346.0,308.0,1900,69.0,2003,0.0,0
2350,9600,973.0,739.0,393.0,1920,60.0,1960,234.0,0
1540,6000,572.0,572.0,0.0,1905,60.0,2005,0.0,77
1086,11340,723.0,723.0,400.0,1920,60.0,1950,0.0,24
2495,10800,1313.0,1313.0,342.0,1890,60.0,1999,0.0,299
984,9750,984.0,784.0,308.0,1959,65.0,1959,200.0,0
1093,8516,869.0,869.0,308.0,1958,52.0,2006,0.0,0
1143,7111,1008.0,329.0,288.0,1928,55.0,1983,406.0,0
1668,7425,672.0,672.0,252.0,1945,70.04995836802664,1950,0.0,0
1738,7010,1024.0,849.0,240.0,1935,70.04995836802664,1950,175.0,30
1210,5000,672.0,72.0,240.0,1941,50.0,2006,600.0,0
1290,5870,554.0,554.0,200.0,1900,59.0,2000,0.0,112
1672,6000,981.0,460.0,240.0,1940,50.0,1989,521.0,11
949,6000,949.0,949.0,370.0,1924,50.0,2003,0.0,0
1497,6000,825.0,462.0,672.0,1937,50.0,2000,201.0,0
1342,6000,739.0,475.0,240.0,1939,50.0,1950,264.0,0
1013,5000,992.0,992.0,160.0,1926,50.0,1950,0.0,0
1216,5520,565.0,497.0,355.0,1920,60.0,1997,68.0,0
896,5940,1057.4294520547944,567.2404109589041,280.0,1946,99.0,1950,443.6397260273973,0
1136,6240,704.0,624.0,336.0,1929,52.0,1950,80.0,365
808,6120,0.0,0.0,164.0,1945,70.04995836802664,1995,0.0,48
2009,6240,989.0,449.0,400.0,1939,52.0,1950,300.0,20
1902,6120,1100.0,897.0,576.0,1923,51.0,1950,203.0,139
1716,9144,810.0,810.0,672.0,1915,60.0,2004,0.0,195
1984,8094,1242.0,1046.0,360.0,1910,57.0,1983,196.0,0
1609,4347,796.0,796.0,228.0,1910,63.0,1950,0.0,182
768,6291,768.0,768.0,440.0,1930,70.04995836802664,1950,0.0,0
1536,10266,768.0,396.0,308.0,1952,60.0,1952,372.0,216
1969,6876,1272.0,1272.0,400.0,1938,60.0,1958,0.0,34
1308,10320,880.0,880.0,400.0,1915,70.04995836802664,1978,0.0,0
1040,7200,1040.0,1040.0,320.0,1925,60.0,1992,0.0,132
1236,7006,768.0,647.0,384.0,1925,62.0,1950,121.0,0
759,10320,451.0,451.0,576.0,1912,60.0,1991,0.0,0
1344,10320,536.0,536.0,0.0,1915,60.0,1950,0.0,0
1054,9488,1046.0,1046.0,240.0,1947,82.0,1993,0.0,60
1075,11235,981.0,197.0,440.0,1963,70.04995836802664,1963,784.0,0
1096,13014,1008.0,480.0,484.0,1978,80.0,1978,528.0,0
992,10265,992.0,234.0,294.0,1967,68.0,2005,758.0,0
1034,7703,450.0,0.0,504.0,1978,70.04995836802664,1978,450.0,0
1073,9981,1073.0,852.0,270.0,1967,70.04995836802664,1967,221.0,90
1126,7400,1060.0,0.0,506.0,1984,70.04995836802664,1984,104.0,0
1140,12900,1300.0,0.0,400.0,1920,60.0,1950,1300.0,0
960,9239,960.0,326.0,300.0,1963,94.0,2003,634.0,0
1188,14175,988.0,212.0,621.0,1956,88.0,1956,776.0,89
1721,10532,988.0,0.0,626.0,1960,70.04995836802664,1960,988.0,84
1350,8375,576.0,240.0,627.0,1941,63.0,1973,336.0,0
904,10200,864.0,160.0,912.0,1970,70.04995836802664,1970,704.0,0
1524,20270,1524.0,925.0,478.0,1979,82.0,1979,599.0,0
1079,5190,570.0,570.0,249.0,1948,50.0,1950,0.0,0
1518,19550,1580.0,545.0,0.0,1940,85.0,2007,1035.0,39
1509,9571,1509.0,639.0,322.0,1956,68.0,1956,870.0,0
864,9350,864.0,0.0,0.0,1975,50.0,1975,864.0,0
1269,9360,621.0,297.0,280.0,1962,50.0,2001,324.0,236
2814,9771,1077.0,298.0,614.0,1995,70.04995836802664,2002,779.0,32
1626,9938,1602.0,331.0,534.0,1994,80.0,1994,1271.0,40
2200,14171,812.0,457.0,453.0,1993,70.04995836802664,1994,355.0,98
2037,10541,672.0,672.0,472.0,1996,85.0,1996,0.0,33
1356,10616,628.0,628.0,484.0,2007,65.0,2007,0.0,24
1615,9345,1615.0,1615.0,864.0,2007,65.0,2007,0.0,30
2276,11778,2271.0,186.0,1348.0,2008,91.0,2008,2085.0,0
1766,11778,1751.0,598.0,874.0,2008,91.0,2008,1153.0,36
1511,11454,1401.0,631.0,811.0,1995,70.04995836802664,1995,770.0,42
1643,11500,1182.0,197.0,438.0,1966,70.04995836802664,1966,262.0,0
990,9750,990.0,268.0,528.0,1994,65.0,1994,722.0,0
1418,8696,1418.0,110.0,558.0,1997,70.04995836802664,1998,1308.0,110
1771,13142,864.0,176.0,600.0,1997,70.04995836802664,1997,688.0,96
1652,8998,782.0,255.0,532.0,2000,68.0,2000,527.0,70
1823,12192,928.0,265.0,626.0,2000,75.0,2001,663.0,36
1174,12250,864.0,83.0,528.0,1978,70.04995836802664,1978,781.0,0
1076,9216,1076.0,782.0,576.0,1975,70.04995836802664,1975,294.0,0
1558,14330,864.0,180.0,440.0,1975,40.0,2001,88.0,0
2161,10400,1257.0,1257.0,570.0,2001,70.04995836802664,2001,0.0,84
1947,9720,1357.0,163.0,725.0,2001,70.04995836802664,2002,1194.0,116
1786,14860,1778.0,240.0,715.0,2002,70.04995836802664,2003,1538.0,35
2327,10905,1129.0,1129.0,596.0,2003,41.0,2003,0.0,57
1764,11690,850.0,850.0,560.0,1999,96.0,2000,0.0,29
848,4426,848.0,186.0,420.0,2004,70.04995836802664,2004,662.0,0
1838,10126,1838.0,83.0,721.0,1997,83.0,1998,1593.0,67
1445,9750,1445.0,1421.0,470.0,2004,75.0,2004,24.0,35
1564,11058,1564.0,1508.0,814.0,2007,85.0,2007,56.0,24
1361,9627,1351.0,1327.0,610.0,2007,74.0,2007,24.0,50
1092,9825,1092.0,483.0,264.0,1966,75.0,1966,609.0,0
1033,12102,456.0,0.0,504.0,1976,64.0,1976,456.0,0
1127,6500,1127.0,94.0,480.0,1976,65.0,1976,1033.0,0
1117,9638,1029.0,541.0,542.0,1977,70.04995836802664,1977,368.0,0
1398,7200,684.0,396.0,440.0,1976,72.0,2001,288.0,0
3820,47007,0.0,0.0,624.0,1959,123.0,1996,0.0,372
1152,6012,0.0,0.0,0.0,1955,65.0,1955,0.0,0
1152,6845,0.0,0.0,0.0,1955,74.0,1955,0.0,0
784,6931,784.0,0.0,0.0,1955,56.0,1955,784.0,0
1053,12180,585.0,585.0,0.0,1938,60.0,2007,0.0,0
1137,8050,0.0,0.0,0.0,1947,57.0,1993,0.0,0
930,9520,911.0,144.0,286.0,1953,68.0,1953,767.0,0
1204,7692,416.0,416.0,312.0,1954,62.0,1954,0.0,0
1292,5142,949.0,725.0,205.0,1923,67.0,2008,224.0,0
1424,7290,1228.0,1228.0,312.0,1921,60.0,1950,0.0,0
1920,7804,960.0,0.0,480.0,1930,64.0,1950,281.0,0
1316,8969,644.0,265.0,369.0,1926,66.0,1950,379.0,0
1264,15564,676.0,676.0,400.0,1914,63.0,1995,0.0,0
1512,7609,798.0,392.0,180.0,1925,54.0,1997,406.0,16
1603,9650,784.0,784.0,599.0,1923,70.04995836802664,1950,0.0,217
1938,11700,942.0,336.0,240.0,1937,70.04995836802664,1995,606.0,40
1374,9260,884.0,884.0,225.0,1938,70.04995836802664,1950,0.0,0
1091,7801,1091.0,591.0,344.0,1951,79.0,1951,500.0,105
1873,9670,608.0,398.0,786.0,1935,100.0,1950,210.0,0
2161,12392,832.0,397.0,506.0,1950,70.0,2000,435.0,96
1898,26073,1898.0,782.0,484.0,1956,56.0,1956,1116.0,51
1032,1879,516.0,150.0,462.0,1980,24.0,1980,366.0,0
919,7000,894.0,555.0,195.0,1926,50.0,1998,299.0,0
1090,6000,720.0,720.0,240.0,1940,60.0,2006,0.0,0
1200,8155,780.0,780.0,0.0,1930,58.0,1950,0.0,0
1656,6000,624.0,367.0,288.0,1967,75.0,1967,257.0,180
912,7392,520.0,520.0,360.0,1930,60.0,1995,0.0,90
1955,9000,1151.0,821.0,356.0,1958,75.0,1958,330.0,0
733,14584,0.0,0.0,487.0,1952,80.0,1952,0.0,0
1361,5280,173.0,173.0,185.0,1895,60.0,1950,0.0,123
1049,5150,356.0,356.0,195.0,1910,52.0,2000,0.0,0
864,9000,592.0,592.0,216.0,1920,60.0,1950,0.0,30
1648,3843,1596.0,120.0,525.0,2007,44.0,2008,1476.0,53
1646,3811,1594.0,120.0,482.0,2004,44.0,2005,1474.0,53
2032,23730,1840.0,1140.0,786.0,1996,70.04995836802664,1997,700.0,46
1820,11050,910.0,910.0,816.0,1996,70.04995836802664,1997,0.0,32
1872,10260,0.0,0.0,484.0,1976,76.0,1976,0.0,0
1689,9990,1680.0,297.0,432.0,1991,74.0,1991,1383.0,120
1501,4084,1277.0,384.0,512.0,1986,42.0,1986,893.0,0
1537,11563,1518.0,482.0,788.0,2006,74.0,2007,1036.0,26
1780,12852,920.0,150.0,612.0,2007,107.0,2007,770.0,192
1442,9802,352.0,352.0,400.0,2006,73.0,2007,0.0,0
1612,12018,796.0,796.0,666.0,2008,81.0,2008,0.0,64
1495,12890,1495.0,1495.0,438.0,1989,75.0,1989,0.0,0
1256,18265,1256.0,276.0,578.0,1986,93.0,1986,920.0,0
1440,11202,1432.0,403.0,467.0,2003,82.0,2003,1029.0,95
1675,7915,1666.0,443.0,435.0,1999,70.04995836802664,2000,1223.0,52
1728,11449,1884.0,873.0,520.0,2007,79.0,2007,1011.0,276
1964,11447,1964.0,393.0,892.0,2005,85.0,2006,1571.0,265
1344,8940,1344.0,35.0,784.0,1997,97.0,1998,1309.0,0
1092,9278,1092.0,1092.0,0.0,2007,77.0,2008,0.0,52
1189,4500,1189.0,325.0,392.0,1997,32.0,1997,864.0,122
1200,14137,1200.0,88.0,850.0,1964,150.0,1964,865.0,119
1040,4224,1040.0,271.0,499.0,1975,70.04995836802664,1975,769.0,100
1475,2665,550.0,232.0,336.0,1976,41.0,1976,318.0,26
988,1974,526.0,25.0,297.0,1973,21.0,2006,501.0,101
988,1596,462.0,25.0,297.0,1973,21.0,1973,437.0,101
1160,17979,1113.0,328.0,257.0,1968,70.04995836802664,1968,785.0,0
1092,1477,546.0,188.0,0.0,1970,21.0,2007,358.0,0
816,6490,816.0,282.0,264.0,1983,59.0,1983,534.0,0
845,6600,845.0,207.0,264.0,1982,60.0,2005,638.0,0
889,12395,864.0,217.0,484.0,1984,74.0,1984,647.0,0
1836,56600,686.0,686.0,288.0,1900,70.04995836802664,1950,0.0,0
1587,10667,1587.0,749.0,525.0,1971,85.0,1971,838.0,44
1384,8872,384.0,384.0,390.0,1997,56.0,1997,0.0,0
1694,10147,392.0,206.0,398.0,1994,70.04995836802664,1994,186.0,64
1714,8637,923.0,52.0,451.0,1999,70.04995836802664,2000,871.0,48
1553,7875,691.0,277.0,420.0,1996,63.0,1996,414.0,44
2299,7500,938.0,938.0,482.0,1999,60.0,2003,0.0,30
1187,9556,1168.0,1168.0,420.0,1992,70.04995836802664,1993,0.0,21
1642,7655,903.0,903.0,392.0,1993,70.04995836802664,1994,0.0,84
1128,18160,1302.0,752.0,480.0,1964,160.0,1964,550.0,108
1179,4740,1166.0,918.0,480.0,1988,38.0,1988,248.0,108
1321,5118,1312.0,386.0,484.0,1990,35.0,1990,926.0,64
2541,12328,1149.0,163.0,729.0,2005,98.0,2005,986.0,32
2338,51974,2660.0,1559.0,1110.0,2006,52.0,2007,1101.0,135
1424,41600,1100.0,53.0,828.0,1969,195.0,1990,1047.0,0
1612,8035,1612.0,815.0,556.0,2006,61.0,2006,797.0,164
2234,14082,2220.0,662.0,724.0,2006,85.0,2006,1558.0,80
2042,13870,1742.0,590.0,724.0,2006,81.0,2007,1152.0,52
1284,10960,1284.0,1028.0,480.0,1984,70.04995836802664,1984,256.0,0
1479,12090,725.0,404.0,484.0,1981,78.0,2003,321.0,72
1664,12299,1529.0,201.0,663.0,1978,93.0,1985,1328.0,0
1930,11339,780.0,22.0,481.0,1979,61.0,1979,758.0,72
1177,11850,1153.0,372.0,495.0,1984,79.0,1984,781.0,103
1353,10400,1259.0,356.0,478.0,1979,80.0,1999,903.0,141
1220,13001,1625.0,1012.0,944.0,1971,128.0,1971,492.0,0
1324,8991,1228.0,0.0,585.0,1976,64.0,1976,624.0,36
1877,8000,1084.0,0.0,488.0,1974,80.0,1974,931.0,96
1422,9457,925.0,359.0,576.0,1970,63.0,1990,566.0,0
914,7920,914.0,214.0,368.0,1970,66.0,2002,81.0,0
914,17199,914.0,600.0,270.0,1961,70.04995836802664,1961,314.0,0
1337,4113,1337.0,1337.0,511.0,2001,33.0,2001,0.0,68
1337,10943,1405.0,475.0,522.0,1997,26.0,1998,930.0,68
1092,2205,525.0,213.0,264.0,1973,21.0,1973,312.0,0
1218,2058,672.0,672.0,264.0,1973,21.0,1973,0.0,28
1055,2304,1061.0,423.0,319.0,1978,24.0,1978,632.0,32
988,7150,988.0,263.0,360.0,1966,65.0,1966,725.0,0
1816,12469,1790.0,639.0,730.0,2006,96.0,2007,1151.0,36
1694,11825,1694.0,1694.0,856.0,2006,91.0,2007,0.0,112
2122,14333,2108.0,590.0,938.0,2007,110.0,2007,1518.0,142
2656,13641,1934.0,630.0,1040.0,2007,107.0,2007,1304.0,58
2550,13440,1108.0,1108.0,670.0,2006,110.0,2007,0.0,39
2046,15431,1994.0,564.0,878.0,2005,105.0,2006,1430.0,65
2552,13891,2552.0,740.0,932.0,2007,107.0,2007,1812.0,28
2758,13654,1704.0,1704.0,814.0,2005,118.0,2006,0.0,55
2290,17169,2320.0,636.0,1174.0,2007,59.0,2007,1684.0,30
2152,16659,1582.0,1582.0,728.0,2007,134.0,2008,0.0,368
2100,9709,918.0,140.0,786.0,2007,82.0,2007,778.0,104
1802,13615,1802.0,1802.0,843.0,2006,94.0,2006,0.0,105
2956,13069,1706.0,1706.0,916.0,2004,99.0,2004,0.0,50
2385,14277,1317.0,379.0,818.0,2003,110.0,2003,938.0,228
1818,12568,895.0,226.0,774.0,2007,70.04995836802664,2007,669.0,104
1614,9926,1614.0,436.0,878.0,2005,70.0,2006,1178.0,38
1721,9254,1721.0,1602.0,554.0,2005,71.0,2005,119.0,27
1828,10732,1298.0,1298.0,876.0,2006,92.0,2007,0.0,40
1302,3901,1302.0,436.0,631.0,2005,34.0,2006,866.0,50
1302,3903,1302.0,272.0,631.0,2005,34.0,2006,1030.0,50
1362,6289,1362.0,600.0,460.0,2005,41.0,2006,762.0,28
1554,4590,1554.0,1530.0,627.0,2006,34.0,2006,24.0,73
1577,7841,1577.0,729.0,564.0,2005,48.0,2005,848.0,39
1324,6240,1324.0,1300.0,550.0,2006,48.0,2006,24.0,38
1405,3242,1405.0,405.0,478.0,2003,48.0,2003,1000.0,36
1496,15810,768.0,768.0,572.0,2007,59.0,2007,0.0,0
1536,10237,768.0,768.0,400.0,2005,65.0,2006,0.0,38
1458,13204,608.0,608.0,454.0,2006,58.0,2007,0.0,33
1495,8857,738.0,738.0,440.0,2006,62.0,2006,0.0,30
1746,9729,698.0,698.0,350.0,2006,63.0,2007,0.0,34
1326,12216,1326.0,408.0,388.0,2005,88.0,2005,918.0,23
1504,8229,752.0,752.0,440.0,2007,72.0,2007,0.0,32
1456,7713,728.0,728.0,400.0,2007,64.0,2007,0.0,24
1258,7697,1246.0,1246.0,462.0,2007,64.0,2007,0.0,0
1589,3621,1406.0,322.0,630.0,2003,70.04995836802664,2003,1084.0,20
1266,3710,1266.0,1266.0,388.0,2007,53.0,2007,0.0,16
1119,16219,835.0,56.0,437.0,2004,65.0,2005,779.0,24
1374,11084,384.0,192.0,400.0,2004,87.0,2004,192.0,0
1525,10936,1510.0,1510.0,534.0,2006,59.0,2006,0.0,18
1394,11950,384.0,384.0,400.0,2003,70.04995836802664,2003,0.0,0
1948,7875,847.0,847.0,434.0,2003,63.0,2003,0.0,48
1995,8740,854.0,280.0,435.0,2002,70.04995836802664,2002,574.0,48
1690,9487,915.0,395.0,442.0,2000,58.0,2000,520.0,50
1644,9649,941.0,941.0,460.0,1999,59.0,2000,0.0,42
2551,12191,1779.0,598.0,925.0,1997,100.0,1998,1181.0,61
3078,10557,1408.0,736.0,806.0,1998,89.0,1998,672.0,87
2582,11002,1389.0,341.0,758.0,1998,74.0,1999,1048.0,60
2385,10790,1066.0,1066.0,600.0,1998,83.0,1998,0.0,38
2202,11762,1105.0,770.0,517.0,1992,88.0,1993,335.0,65
2538,9044,1325.0,100.0,933.0,1996,82.0,1997,1225.0,92
1369,9910,1369.0,1369.0,605.0,2007,75.0,2007,0.0,203
1542,11830,1542.0,322.0,852.0,2007,91.0,2007,1220.0,110
1534,10612,1524.0,1496.0,484.0,2006,76.0,2006,28.0,46
1966,12291,1966.0,394.0,1092.0,2007,98.0,2007,1572.0,52
1528,9965,1528.0,1528.0,480.0,2007,85.0,2007,0.0,228
1538,8847,1538.0,769.0,484.0,2005,74.0,2005,769.0,40
1506,8251,1494.0,716.0,672.0,2005,70.0,2006,778.0,35
1977,9605,982.0,982.0,574.0,2006,70.0,2006,0.0,53
1830,8778,1302.0,1302.0,859.0,2006,75.0,2006,0.0,40
1338,8640,1338.0,1314.0,598.0,2007,72.0,2007,24.0,141
1335,9000,1335.0,1335.0,575.0,2006,75.0,2007,0.0,210
1792,8640,896.0,546.0,590.0,2007,72.0,2007,350.0,96
1588,10411,725.0,725.0,561.0,2007,81.0,2007,0.0,0
1880,12217,955.0,210.0,880.0,2007,112.0,2007,745.0,127
1584,10440,1574.0,1574.0,594.0,2007,84.0,2007,0.0,256
1685,11824,1685.0,1685.0,658.0,2006,100.0,2006,0.0,63
2443,10625,1158.0,1158.0,744.0,2004,85.0,2004,0.0,127
1100,7500,1100.0,1100.0,0.0,2006,63.0,2007,0.0,136
1143,7500,1143.0,1143.0,0.0,2006,63.0,2006,0.0,55
1094,12450,1094.0,365.0,576.0,2003,60.0,2004,729.0,0
1486,7441,1461.0,1461.0,566.0,2006,65.0,2006,0.0,32
1820,11613,864.0,384.0,492.0,1993,70.04995836802664,1997,480.0,85
1266,8012,630.0,630.0,283.0,1980,50.0,1980,0.0,0
894,6285,894.0,405.0,308.0,1977,64.0,1977,138.0,0
1040,7476,1040.0,228.0,686.0,1968,84.0,1968,812.0,0
2503,19522,1223.0,496.0,564.0,1990,70.04995836802664,1990,727.0,99
1037,10751,1037.0,250.0,431.0,1974,44.0,1974,787.0,47
1055,12712,1044.0,76.0,542.0,1973,43.0,2006,968.0,0
1378,4379,1378.0,527.0,540.0,2004,45.0,2004,851.0,56
1151,3523,1141.0,1081.0,484.0,2006,80.0,2007,60.0,60
1565,3784,1511.0,1451.0,476.0,2006,32.0,2007,60.0,120
1352,3606,1352.0,415.0,466.0,2006,40.0,2007,937.0,241
1550,5330,1550.0,1550.0,528.0,2006,30.0,2007,0.0,102
1501,2280,744.0,179.0,440.0,1999,24.0,1999,565.0,0
1573,2117,756.0,339.0,440.0,2000,24.0,2000,417.0,32
1358,7321,1339.0,1339.0,625.0,1999,73.0,2000,0.0,174
2048,8010,1054.0,90.0,552.0,2003,70.04995836802664,2004,964.0,48
2362,8413,1220.0,319.0,1105.0,1998,106.0,1998,901.0,0
1494,9466,1494.0,0.0,478.0,1994,50.0,1995,457.0,30
2362,12000,2002.0,270.0,546.0,1980,80.0,1980,1732.0,16
2497,17778,2461.0,0.0,676.0,1981,94.0,1981,1632.0,0
1152,11700,912.0,912.0,412.0,1968,78.0,1968,0.0,126
2411,8000,1008.0,93.0,570.0,1970,80.0,1970,915.0,192
1082,8723,973.0,0.0,480.0,1969,70.04995836802664,1969,973.0,0
1295,11700,1295.0,385.0,528.0,1968,130.0,1968,910.0,194
1610,11358,1124.0,778.0,515.0,1972,108.0,1987,346.0,0
1594,9547,1594.0,1594.0,472.0,1993,80.0,1993,0.0,80
2075,10530,1148.0,329.0,473.0,1993,78.0,1993,819.0,86
1093,10738,1093.0,301.0,484.0,1966,88.0,1966,792.0,0
1052,10800,1052.0,171.0,311.0,1963,80.0,1963,617.0,133
1107,8050,949.0,437.0,308.0,1967,70.0,1993,474.0,64
1224,10899,0.0,0.0,530.0,1964,70.04995836802664,1964,0.0,0
1074,7450,894.0,250.0,396.0,1956,74.0,1956,438.0,72
1187,14357,864.0,386.0,440.0,1961,70.04995836802664,1961,311.0,0
964,8243,964.0,264.0,784.0,1961,76.0,1961,700.0,0
894,8680,894.0,894.0,312.0,1960,70.0,1960,0.0,0
1200,8800,1174.0,520.0,440.0,1966,80.0,1966,654.0,0
1042,9200,1042.0,548.0,440.0,1965,80.0,1965,494.0,0
2154,8800,845.0,431.0,539.0,1964,80.0,1997,414.0,0
1374,11382,1130.0,533.0,286.0,1964,70.04995836802664,1964,54.0,28
1652,22002,1592.0,206.0,510.0,1959,70.04995836802664,1991,1386.0,0
908,12172,822.0,433.0,512.0,1940,85.0,1996,130.0,24
666,5000,666.0,367.0,0.0,1946,50.0,1950,299.0,52
670,3500,370.0,226.0,0.0,1945,51.0,1950,144.0,21
808,5175,808.0,254.0,308.0,1958,50.0,2000,150.0,0
1150,9600,1078.0,710.0,288.0,1955,80.0,1955,368.0,0
1560,8668,1560.0,1560.0,792.0,1968,63.0,1968,0.0,0
1280,10050,793.0,191.0,432.0,1966,70.04995836802664,1966,602.0,40
1254,9600,1218.0,618.0,525.0,1961,100.0,1961,600.0,0
936,8760,936.0,63.0,315.0,1957,73.0,1999,873.0,0
1008,6860,1008.0,100.0,308.0,1956,65.0,1956,908.0,0
1053,8250,1053.0,765.0,692.0,1963,60.0,1963,288.0,0
1144,9100,1144.0,1144.0,336.0,1960,70.0,1960,0.0,0
1721,9736,1331.0,525.0,464.0,1957,80.0,1969,668.0,0
922,9770,922.0,410.0,308.0,1957,72.0,1957,512.0,34
1411,12198,1204.0,424.0,310.0,1955,70.0,1975,780.0,82
1216,10050,1216.0,928.0,336.0,1955,75.0,1955,288.0,0
1154,11556,864.0,456.0,336.0,1953,60.0,2006,408.0,0
1560,8078,1560.0,1560.0,484.0,1958,70.0,1958,0.0,0
948,10950,948.0,507.0,410.0,1952,60.0,1952,441.0,48
1040,7942,1040.0,0.0,293.0,1953,68.0,1953,85.0,0
925,8540,925.0,120.0,252.0,1956,71.0,2003,114.0,0
1540,7150,1190.0,1040.0,352.0,1955,55.0,1955,150.0,0
925,8400,923.0,130.0,390.0,1955,70.0,1955,793.0,0
1647,9532,1105.0,156.0,280.0,1953,75.0,1953,595.0,0
924,15783,924.0,632.0,420.0,1952,70.04995836802664,1952,292.0,324
1544,14190,925.0,925.0,0.0,1890,60.0,2006,0.0,0
1728,12099,1216.0,1018.0,371.0,1953,70.04995836802664,2004,198.0,0
3086,21281,666.0,666.0,1200.0,1935,113.0,2007,0.0,208
1281,10284,1151.0,55.0,580.0,1925,60.0,1993,1030.0,0
1534,10800,736.0,736.0,0.0,1895,60.0,1999,0.0,112
1651,10090,725.0,0.0,276.0,1963,93.0,1999,242.0,46
888,8700,920.0,728.0,240.0,1961,75.0,1961,192.0,0
952,8300,952.0,0.0,288.0,1968,66.0,1968,952.0,0
1238,7200,864.0,432.0,357.0,1950,60.0,1950,432.0,171
1040,7500,1040.0,466.0,286.0,1959,70.04995836802664,2003,574.0,0
1170,7315,1170.0,545.0,338.0,1958,70.0,1958,625.0,0
1242,7903,1242.0,503.0,324.0,1960,70.0,1960,739.0,0
1377,8000,1377.0,125.0,351.0,1960,80.0,1960,1098.0,0
925,7000,0.0,0.0,300.0,1961,70.0,1961,0.0,0
864,6600,864.0,312.0,294.0,1962,60.0,1962,110.0,0
936,6760,896.0,162.0,288.0,1962,66.0,1962,734.0,90
960,6978,850.0,850.0,576.0,1926,60.0,1980,0.0,0
1296,6000,845.0,569.0,576.0,1927,50.0,1950,276.0,0
1022,4480,1022.0,240.0,184.0,1922,56.0,1950,782.0,122
967,3153,967.0,967.0,180.0,1920,56.0,1990,0.0,0
1072,7200,808.0,808.0,379.0,1940,60.0,1950,0.0,0
1174,9000,680.0,550.0,576.0,1900,120.0,2006,130.0,26
1141,5925,570.0,0.0,252.0,1900,50.0,1950,122.0,0
1798,9639,1075.0,1075.0,342.0,1900,57.0,1950,0.0,0
1772,10337,725.0,725.0,816.0,1910,70.04995836802664,1999,0.0,0
1642,9863,728.0,322.0,374.0,1927,53.0,1950,196.0,0
1232,4571,616.0,448.0,480.0,1910,35.0,1950,168.0,0
1650,8398,926.0,667.0,468.0,1910,56.0,1990,259.0,103
1358,3600,687.0,371.0,336.0,1930,60.0,2005,316.0,32
2454,13500,819.0,819.0,576.0,1879,75.0,1987,0.0,148
968,8626,0.0,0.0,331.0,1956,52.0,1956,0.0,0
1382,11800,0.0,0.0,384.0,1949,76.0,2002,0.0,40
1060,6854,756.0,212.0,308.0,1925,55.0,1994,317.0,65
1435,8674,910.0,0.0,308.0,1950,55.0,1950,910.0,33
1274,6125,728.0,422.0,224.0,1939,50.0,1998,306.0,0
1232,6000,600.0,324.0,217.0,1939,50.0,1950,276.0,0
884,6120,884.0,884.0,240.0,1939,51.0,1950,0.0,0
1409,6240,861.0,809.0,528.0,1938,70.04995836802664,1950,52.0,0
1322,6240,672.0,624.0,280.0,1939,52.0,1952,48.0,0
1426,6240,966.0,966.0,230.0,1930,52.0,1992,0.0,0
1281,6120,756.0,405.0,379.0,1926,51.0,1950,351.0,0
2264,7755,1100.0,1100.0,408.0,1918,47.0,1995,0.0,152
1376,8850,768.0,768.0,576.0,1920,60.0,1950,0.0,54
1316,8550,750.0,750.0,576.0,1926,60.0,1950,0.0,0
1344,5700,672.0,336.0,456.0,1929,70.04995836802664,1990,336.0,0
1173,5680,592.0,592.0,240.0,1901,40.0,1950,0.0,25
1214,5680,969.0,969.0,216.0,1901,40.0,1950,0.0,0
2294,13200,741.0,366.0,658.0,1963,120.0,1963,375.0,110
1952,9780,976.0,224.0,299.0,1950,60.0,2005,354.0,0
2180,10320,1138.0,763.0,720.0,1915,60.0,1950,375.0,0
1315,4330,808.0,0.0,436.0,1958,52.0,1958,681.0,0
1484,10320,771.0,771.0,264.0,1910,60.0,1950,0.0,211
2267,12888,1005.0,717.0,498.0,1937,107.0,1980,288.0,0
1282,4484,672.0,187.0,240.0,1942,59.0,1979,485.0,88
999,11235,925.0,0.0,308.0,1963,75.0,1963,925.0,176
1452,11235,1420.0,635.0,572.0,1964,75.0,1980,785.0,0
1005,14299,1005.0,348.0,440.0,1964,62.0,1964,513.0,0
1020,14149,980.0,190.0,528.0,1964,65.0,2001,68.0,0
1040,11677,1040.0,30.0,264.0,1966,70.04995836802664,1966,249.0,90
868,8425,768.0,20.0,576.0,1971,70.0,1990,748.0,0
897,8665,876.0,420.0,264.0,1968,86.0,1968,168.0,0
943,8398,943.0,300.0,528.0,1967,70.04995836802664,1967,114.0,0
912,8169,912.0,261.0,315.0,1966,70.04995836802664,1966,216.0,0
1375,14175,1240.0,332.0,323.0,1956,81.0,1998,386.0,0
2654,16779,671.0,404.0,638.0,1920,99.0,1996,267.0,570
1302,6960,680.0,422.0,224.0,1940,70.0,1998,258.0,0
1299,11375,967.0,231.0,494.0,1954,91.0,1995,736.0,0
1176,13770,1158.0,95.0,303.0,1958,85.0,1998,190.0,0
998,9000,0.0,0.0,460.0,1945,70.04995836802664,1950,0.0,0
1522,11075,1190.0,0.0,552.0,1984,70.04995836802664,1984,299.0,77
1325,17541,409.0,109.0,576.0,1948,70.04995836802664,2005,300.0,42
1630,22692,1073.0,486.0,649.0,1953,70.04995836802664,1953,587.0,64
1242,17808,484.0,484.0,336.0,1946,84.0,1950,0.0,0
2422,12671,1288.0,935.0,527.0,1954,102.0,1994,353.0,63
1626,10512,988.0,497.0,332.0,1954,70.0,1954,491.0,0
864,5400,864.0,411.0,399.0,1958,60.0,1958,453.0,0
943,11515,0.0,0.0,308.0,1958,70.04995836802664,1994,0.0,0
1038,3869,1038.0,0.0,264.0,1984,39.0,1984,283.0,105
1342,9280,1342.0,785.0,256.0,1951,58.0,1951,557.0,0
1480,11100,1080.0,0.0,253.0,1951,60.0,1994,1080.0,0
1362,7550,951.0,951.0,280.0,1920,50.0,1950,0.0,0
1822,23920,1105.0,1105.0,515.0,1984,104.0,1984,0.0,195
1958,9317,779.0,282.0,499.0,1994,75.0,2001,497.0,93
1651,9178,1643.0,1643.0,870.0,2007,71.0,2007,0.0,64
2140,10481,2140.0,2140.0,894.0,2006,93.0,2007,0.0,32
1651,10235,1643.0,1643.0,870.0,2007,66.0,2007,0.0,64
1546,11750,1546.0,1526.0,796.0,2005,75.0,2006,20.0,42
1500,8760,1489.0,1453.0,674.0,2006,73.0,2006,36.0,38
1270,7242,1270.0,1270.0,524.0,2005,64.0,2006,0.0,96
1795,9316,879.0,879.0,578.0,2005,78.0,2006,0.0,111
1873,8883,929.0,0.0,619.0,1988,70.04995836802664,1988,608.0,48
1743,20064,966.0,0.0,529.0,1976,155.0,1976,51.0,0
1022,14217,1022.0,472.0,747.0,1994,70.04995836802664,1994,550.0,0
1308,10021,635.0,96.0,497.0,1997,57.0,2006,539.0,54
990,8428,990.0,570.0,384.0,1994,60.0,1994,420.0,0
1097,16561,1097.0,548.0,242.0,1996,70.0,1996,549.0,0
1873,10820,988.0,646.0,597.0,1999,47.0,1999,342.0,123
1753,12352,853.0,215.0,534.0,1998,43.0,1999,638.0,74
1690,9543,845.0,845.0,517.0,2001,68.0,2001,0.0,103
1842,8826,985.0,144.0,486.0,2000,70.04995836802664,2000,841.0,96
894,11800,864.0,201.0,440.0,1974,97.0,1974,663.0,0
1025,8660,1015.0,513.0,370.0,1976,59.0,1976,502.0,0
1009,9720,995.0,240.0,576.0,1977,72.0,1977,755.0,0
1040,8982,1040.0,501.0,748.0,1977,45.0,1977,539.0,0
907,16300,876.0,399.0,308.0,1977,39.0,1977,60.0,0
879,9675,864.0,102.0,440.0,1975,75.0,1975,330.0,80
864,7200,864.0,193.0,576.0,1972,60.0,2000,671.0,0
875,7200,385.0,0.0,728.0,1972,60.0,2006,385.0,0
1673,11354,1673.0,261.0,583.0,2000,70.04995836802664,2000,1412.0,113
1932,8749,979.0,325.0,610.0,2003,70.0,2003,654.0,120
1729,8158,860.0,860.0,542.0,2002,65.0,2002,0.0,63
1592,11927,1556.0,683.0,484.0,1994,73.0,1995,408.0,35
2439,12728,1531.0,333.0,560.0,2001,70.04995836802664,2001,1198.0,121
1992,15295,860.0,98.0,608.0,1996,70.04995836802664,2002,762.0,32
1341,17227,1341.0,426.0,482.0,1999,73.0,2000,915.0,84
1476,8145,738.0,738.0,552.0,2007,70.0,2007,0.0,35
1190,8769,1169.0,460.0,578.0,2005,65.0,2005,709.0,41
1330,8334,1330.0,1330.0,437.0,2006,64.0,2007,0.0,23
1491,8333,738.0,738.0,484.0,2006,64.0,2006,0.0,30
1536,9045,768.0,768.0,400.0,2005,64.0,2005,0.0,40
936,9825,936.0,0.0,384.0,1967,75.0,1967,936.0,0
1088,8308,1088.0,115.0,520.0,1963,67.0,1963,132.0,0
1351,16287,901.0,666.0,576.0,1925,74.0,1950,130.0,0
1179,8240,1179.0,1179.0,622.0,1960,80.0,1960,0.0,0
1044,6285,960.0,456.0,528.0,1976,65.0,1976,504.0,0
2233,9555,0.0,0.0,579.0,1979,70.04995836802664,1979,0.0,0
1408,7023,734.0,123.0,489.0,2005,60.0,2006,611.0,85
5095,39290,5095.0,1085.0,1154.0,2008,128.0,2009,4010.0,484
1072,3675,547.0,80.0,525.0,2005,35.0,2005,467.0,44
960,6400,960.0,52.0,392.0,1959,64.0,2000,77.0,0
1152,6882,0.0,0.0,0.0,1955,74.0,1955,0.0,0
1195,8741,1195.0,1195.0,0.0,1946,52.0,1950,0.0,0
865,10042,660.0,238.0,216.0,1920,62.0,1995,144.0,0
768,8172,768.0,224.0,355.0,1955,60.0,1955,544.0,0
864,8172,864.0,182.0,528.0,1955,60.0,1955,682.0,0
2592,10890,1296.0,925.0,0.0,1923,60.0,1950,371.0,742
1422,7223,1290.0,971.0,352.0,1926,54.0,1950,319.0,0
1298,6821,651.0,538.0,240.0,1921,51.0,2005,113.0,0
1098,4000,531.0,285.0,216.0,1930,63.0,1995,246.0,0
1436,6720,585.0,585.0,228.0,1921,53.0,1950,0.0,0
1461,7155,686.0,686.0,225.0,1926,53.0,1991,0.0,0
1718,7230,851.0,851.0,264.0,1927,60.0,1992,0.0,0
1226,13108,0.0,0.0,400.0,1951,126.0,1951,0.0,24
1755,7810,930.0,741.0,231.0,1930,110.0,2003,189.0,40
1355,6221,728.0,195.0,528.0,1941,79.0,1950,533.0,0
1560,25485,1560.0,0.0,580.0,1960,70.04995836802664,1960,540.0,75
1488,21579,1488.0,675.0,552.0,1968,70.04995836802664,1968,813.0,0
1045,1782,516.0,186.0,462.0,1980,24.0,1980,330.0,0
1680,17871,1680.0,1680.0,628.0,1995,70.04995836802664,1996,0.0,0
1020,3907,1004.0,427.0,509.0,1988,35.0,1988,577.0,0
1696,20693,1696.0,1262.0,625.0,1971,70.04995836802664,1971,434.0,146
2726,18044,279.0,279.0,691.0,1986,70.0,1986,0.0,64
1215,7000,720.0,345.0,720.0,1940,50.0,1950,375.0,0
1601,7288,936.0,936.0,0.0,1925,50.0,2003,0.0,0
1828,9060,859.0,311.0,472.9801369863014,1923,50.0,1999,548.0,0
816,3672,816.0,816.0,100.0,1922,46.0,1950,0.0,0
845,11067,0.0,0.0,256.0,1939,64.0,1950,0.0,0
1991,8250,957.0,957.0,0.0,1895,75.0,2006,0.0,0
1073,6565,1073.0,106.0,720.0,1957,65.0,1980,967.0,444
1001,6060,837.0,100.0,216.0,1930,60.0,2007,737.0,0
1625,5568,1573.0,0.0,495.0,2006,59.0,2007,1573.0,0
1299,12150,1001.0,0.0,486.0,1979,70.04995836802664,1979,1001.0,0
1392,10000,1441.0,856.0,650.0,2002,80.0,2002,585.0,49
1409,12864,1409.0,17.0,576.0,2002,44.0,2002,1392.0,144
1478,9928,1454.0,215.0,506.0,1991,70.04995836802664,1992,1239.0,22
918,8750,852.0,98.0,360.0,1975,70.04995836802664,1975,224.0,84
1026,8410,970.0,46.0,528.0,1974,82.0,1974,924.0,0
1501,4054,1501.0,552.0,512.0,1987,46.0,1987,949.0,0
2279,19958,585.0,585.0,461.0,1958,149.0,1995,0.0,0
1689,8368,1689.0,1689.0,433.0,2006,67.0,2007,0.0,39
1564,8298,1546.0,963.0,502.0,2006,68.0,2007,583.0,0
1240,10331,1265.0,970.0,528.0,1985,42.0,1985,215.0,0
1312,6718,1267.0,1017.0,471.0,2001,70.04995836802664,2001,250.0,28
1922,11305,1922.0,593.0,692.0,2002,80.0,2002,1329.0,64
1491,7777,1491.0,1491.0,571.0,1996,70.04995836802664,1996,0.0,35
2486,11800,1122.0,356.0,452.0,2003,70.04995836802664,2004,766.0,32
1824,12633,1824.0,1824.0,932.0,2006,85.0,2007,0.0,36
2034,43500,0.0,0.0,1041.0,1953,200.0,1953,0.0,266
936,6710,920.0,0.0,460.0,1996,62.0,1997,16.0,40
1092,1504,546.0,294.0,253.0,1972,21.0,1972,252.0,0
992,1533,530.0,27.0,297.0,1970,70.04995836802664,1970,503.0,97
1092,1495,546.0,162.0,0.0,1970,21.0,1970,384.0,64
1092,1890,546.0,546.0,286.0,1976,21.0,1976,0.0,0
1008,9129,923.0,0.0,678.0,1977,72.0,1977,923.0,66
1356,15957,1244.0,96.0,528.0,1977,70.04995836802664,1977,1148.0,0
1676,33983,1160.0,48.0,672.0,1977,61.0,1994,1112.0,90
1432,8286,716.0,185.0,531.0,1977,68.0,1977,531.0,136
796,6723,796.0,0.0,0.0,1971,50.0,1971,796.0,0
1608,27697,1396.0,585.0,444.0,1961,124.0,1961,811.0,38
1178,11000,1090.0,0.0,502.0,1976,70.04995836802664,2003,1090.0,44
816,11625,816.0,220.0,264.0,1983,65.0,1983,596.0,0
887,10447,864.0,348.0,288.0,1984,62.0,1984,516.0,0
1293,11027,1178.0,171.0,452.0,1954,70.04995836802664,1954,468.0,0
1024,10533,1008.0,235.0,313.0,1956,85.0,1956,773.0,0
1797,11765,1617.0,490.0,963.0,1957,70.04995836802664,1957,1127.0,0
1390,39384,1705.0,595.0,550.0,1957,70.04995836802664,1957,1110.0,189
1851,11727,1851.0,1851.0,506.0,1969,90.0,1969,0.0,146
1525,8238,813.0,113.0,400.0,1997,60.0,1998,700.0,72
1671,13041,781.0,781.0,423.0,1995,70.04995836802664,1995,0.0,84
1776,9783,821.0,821.0,443.0,1996,54.0,1996,0.0,116
2064,13128,1074.0,1074.0,527.0,2005,50.0,2005,0.0,119
2212,13751,1700.0,1640.0,773.0,2005,42.0,2006,60.0,38
2687,13108,2062.0,2062.0,618.0,1994,68.0,1994,0.0,12
1169,8076,1160.0,455.0,402.0,1993,70.04995836802664,1994,705.0,26
1204,3701,1191.0,1191.0,461.0,1987,30.0,1987,0.0,70
2798,16023,1398.0,180.0,670.0,2005,59.0,2006,1218.0,37
3390,18062,1528.0,1528.0,758.0,2006,60.0,2006,0.0,34
2473,12292,1094.0,889.0,675.0,2006,63.0,2006,205.0,39
2698,16052,1850.0,644.0,736.0,2006,82.0,2006,1206.0,0
2795,15922,1390.0,1390.0,660.0,2005,92.0,2006,0.0,102
1714,8147,1714.0,523.0,517.0,2005,60.0,2005,1191.0,55
2000,18261,1910.0,494.0,722.0,2005,90.0,2005,1416.0,102
1102,10464,988.0,138.0,582.0,1980,70.04995836802664,1980,850.0,22
1857,10530,945.0,945.0,482.0,1978,81.0,1978,0.0,105
1083,9927,1047.0,42.0,596.0,1976,70.04995836802664,1976,1005.0,0
2318,9512,960.0,172.0,541.0,2005,75.0,2006,788.0,246
1875,10530,675.0,127.0,485.0,1975,81.0,2000,548.0,28
1103,10000,1103.0,348.0,462.0,1974,80.0,1974,755.0,84
874,7200,864.0,224.0,576.0,1971,60.0,1971,20.0,0
1419,8773,1487.0,536.0,543.0,2002,26.0,2002,951.0,68
1092,2760,525.0,525.0,440.0,1973,24.0,1973,0.0,0
1365,2160,765.0,363.0,440.0,1973,24.0,1973,402.0,36
1030,1890,494.0,212.0,264.0,1972,21.0,1972,282.0,0
948,1680,483.0,207.0,264.0,1972,21.0,1972,276.0,0
1092,1680,525.0,143.0,264.0,1972,21.0,1972,382.0,0
1069,4043,1069.0,186.0,440.0,1975,53.0,1975,727.0,55
1387,7514,943.0,462.0,300.0,1967,65.0,1975,373.0,0
1055,2280,1055.0,443.0,319.0,1976,24.0,1976,120.0,29
1456,2179,855.0,785.0,460.0,1976,24.0,1976,70.0,28
2589,16387,1738.0,369.0,831.0,2006,72.0,2006,1369.0,0
1618,16163,1618.0,1618.0,880.0,2004,110.0,2004,0.0,0
1740,12228,1721.0,1721.0,874.0,2006,108.0,2006,0.0,43
1868,14780,1868.0,363.0,1085.0,2005,120.0,2005,1505.0,56
2206,13975,1090.0,1090.0,670.0,2005,120.0,2006,0.0,95
2091,9942,1606.0,316.0,521.0,2005,82.0,2006,1290.0,84
2253,12867,1209.0,1209.0,575.0,2005,103.0,2006,0.0,142
2389,10672,1054.0,1054.0,672.0,2006,82.0,2006,0.0,64
2358,11643,1524.0,644.0,784.0,2005,82.0,2006,880.0,34
1792,13758,1792.0,560.0,925.0,2005,121.0,2006,1232.0,49
1780,14828,1780.0,397.0,816.0,2004,131.0,2005,1383.0,68
1914,13215,1420.0,426.0,746.0,2004,70.04995836802664,2004,994.0,127
1565,5911,1560.0,1088.0,556.0,2005,48.0,2005,472.0,56
1686,7740,1686.0,663.0,899.0,2006,61.0,2006,1023.0,100
1666,6373,1666.0,1251.0,575.0,2006,48.0,2006,415.0,75
1456,10237,728.0,728.0,390.0,2005,65.0,2006,0.0,24
1492,10237,738.0,738.0,440.0,2006,65.0,2006,0.0,32
1326,11660,1326.0,1326.0,427.0,2006,102.0,2006,0.0,0
2373,11631,1052.0,1052.0,632.0,2004,96.0,2005,0.0,46
1492,9073,738.0,738.0,440.0,2006,75.0,2006,0.0,32
1364,3087,1220.0,767.0,437.0,2006,43.0,2006,453.0,16
1511,2938,1368.0,330.0,398.0,2002,70.04995836802664,2002,1038.0,30
1548,3072,1365.0,306.0,388.0,2004,70.04995836802664,2004,1059.0,20
1142,3010,1142.0,1126.0,440.0,2005,43.0,2006,16.0,0
1598,9171,848.0,848.0,433.0,2004,59.0,2005,0.0,48
1889,8658,982.0,250.0,431.0,2000,70.04995836802664,2000,732.0,0
2322,12104,1035.0,1035.0,617.0,2006,70.04995836802664,2006,0.0,45
1976,9660,1044.0,253.0,885.0,1998,84.0,1998,791.0,31
2234,9545,1160.0,655.0,768.0,2000,83.0,2000,505.0,50
2855,9233,1540.0,358.0,774.0,2000,70.04995836802664,2000,1182.0,55
2726,10019,1342.0,815.0,725.0,1995,83.0,1995,527.0,169
3500,17242,1733.0,48.0,959.0,1993,114.0,1994,292.0,86
2494,10236,1290.0,742.0,803.0,1994,70.04995836802664,1995,380.0,95
2799,12585,1286.0,0.0,704.0,1993,70.04995836802664,1993,247.0,136
1964,12447,1100.0,1100.0,760.0,2005,75.0,2006,0.0,70
1670,15218,1670.0,108.0,928.0,2006,49.0,2006,1562.0,240
1504,10936,1504.0,1504.0,510.0,2006,85.0,2006,0.0,0
1278,8640,1278.0,1254.0,584.0,2006,72.0,2006,24.0,60
2640,13162,2036.0,200.0,792.0,2006,100.0,2006,1836.0,265
1716,8125,858.0,858.0,615.0,2005,65.0,2005,0.0,53
1142,7733,1142.0,1118.0,0.0,2005,74.0,2005,24.0,50
1400,11024,1400.0,1400.0,612.0,2005,91.0,2006,0.0,55
1131,13072,1131.0,1131.0,0.0,2005,63.0,2006,0.0,39
1686,7800,891.0,891.0,462.0,2005,65.0,2005,0.0,101
1585,7632,784.0,784.0,449.0,2005,74.0,2005,0.0,77
1837,8304,941.0,941.0,688.0,1997,70.0,1998,0.0,165
1731,9370,836.0,78.0,462.0,1992,70.0,1993,758.0,85
1398,7175,1398.0,494.0,542.0,1990,50.0,1991,904.0,46
1217,7175,1217.0,939.0,484.0,1991,50.0,1991,278.0,64
1320,9019,636.0,362.0,472.0,1994,70.04995836802664,1994,274.0,40
988,9100,988.0,952.0,624.0,1962,70.0,1962,36.0,0
1654,8927,0.0,0.0,528.0,1977,68.0,1977,0.0,0
1211,9240,864.0,252.0,576.0,1962,70.04995836802664,2002,612.0,0
984,9308,984.0,430.0,310.0,1965,70.04995836802664,1965,554.0,0
909,8450,882.0,450.0,294.0,1968,65.0,1968,162.0,155
925,8638,925.0,744.0,484.0,1963,70.04995836802664,1963,181.0,74
1024,13052,1024.0,312.0,308.0,1965,70.04995836802664,1965,712.0,0
912,8020,912.0,268.0,0.0,1964,70.04995836802664,1964,644.0,0
941,8789,912.0,253.0,288.0,1967,70.04995836802664,1967,659.0,0
2646,14330,1748.0,228.0,550.0,1974,100.0,1974,1023.0,100
2826,11025,1334.0,216.0,888.0,1992,105.0,1993,1118.0,208
1143,3628,1143.0,1143.0,588.0,2004,34.0,2004,0.0,191
1223,2544,600.0,600.0,480.0,2005,24.0,2005,0.0,166
1524,2998,756.0,403.0,440.0,2000,70.04995836802664,2000,353.0,32
1080,4447,530.0,530.0,496.0,2003,70.04995836802664,2003,0.0,50
1694,8314,569.0,569.0,434.0,1997,114.0,1998,0.0,382
1568,7180,1568.0,1568.0,564.0,2001,60.0,2002,0.0,266
1193,13110,1153.0,191.0,501.0,1972,79.0,1972,962.0,153
1334,10140,1334.0,713.0,477.0,1967,78.0,1967,553.0,20
1051,9600,1051.0,293.0,504.0,1968,80.0,1968,758.0,0
1770,8640,900.0,56.0,530.0,1968,72.0,1968,361.0,60
976,9360,976.0,216.0,504.0,1968,78.0,2004,760.0,0
898,8400,833.0,89.0,326.0,1968,70.0,1968,744.0,0
1051,9759,1051.0,252.0,264.0,1966,70.04995836802664,1966,799.0,88
1141,9600,1141.0,137.0,568.0,1967,80.0,1967,602.0,78
1565,8800,1187.0,34.0,299.0,1965,80.0,2000,901.0,25
1488,10368,1008.0,0.0,430.0,1964,70.04995836802664,1964,260.0,60
1440,9350,720.0,360.0,480.0,1964,85.0,1964,360.0,32
1248,10800,1248.0,616.0,286.0,1960,80.0,1960,632.0,0
816,8550,816.0,242.0,240.0,1934,60.0,1950,574.0,0
1043,9724,938.0,938.0,273.0,1947,68.0,1950,0.0,48
1433,9600,1251.0,336.0,441.0,1961,80.0,1990,915.0,0
1624,10858,1444.0,1404.0,240.0,1952,89.0,1952,40.0,40
1216,9600,1056.0,60.0,280.0,1951,80.0,1951,996.0,0
1728,9462,704.0,704.0,234.0,1949,79.0,1973,0.0,60
936,9888,936.0,450.0,240.0,1954,82.0,1975,486.0,0
1584,8917,1584.0,1584.0,506.0,1967,70.04995836802664,1967,0.0,0
1246,12700,1246.0,307.0,441.0,1964,70.04995836802664,1964,939.0,69
1008,9723,1008.0,1008.0,430.0,1963,109.0,1963,0.0,0
1364,8400,1179.0,556.0,331.0,1957,70.0,1957,623.0,60
1336,9610,1121.0,918.0,488.0,1958,70.04995836802664,1958,203.0,0
1370,10000,1058.0,99.0,300.0,1956,125.0,1956,678.0,0
1124,10152,1124.0,210.0,353.0,1956,72.0,1994,914.0,211
1050,8092,1050.0,226.0,286.0,1954,70.0,2000,824.0,0
1008,12778,1008.0,350.0,280.0,1952,66.0,2003,658.0,154
1575,10170,216.0,216.0,400.0,1951,75.0,1951,0.0,0
1145,7700,301.0,30.0,684.0,1956,55.0,1956,271.0,0
1005,11050,1005.0,517.0,319.0,1956,65.0,1956,488.0,0
1056,13600,1056.0,0.0,300.0,1955,80.0,1955,144.0,0
884,15428,884.0,143.0,270.0,1951,85.0,1991,741.0,0
2039,21299,929.0,929.0,791.0,1941,118.0,1963,0.0,0
1384,13300,1015.0,521.0,896.0,1956,70.0,2001,494.0,0
2640,22136,2171.0,1153.0,1008.0,1925,94.0,1975,1018.0,48
1312,7500,784.0,784.0,649.0,1947,50.0,1950,0.0,28
713,10410,713.0,713.0,371.0,1930,60.0,2001,0.0,75
715,10914,715.0,715.0,660.0,1929,60.0,1950,0.0,0
720,7008,448.0,448.0,280.0,1900,60.0,1998,0.0,0
1595,7200,663.0,325.0,528.0,1915,60.0,1950,338.0,0
1760,10818,1077.0,1077.0,648.0,1910,60.0,1950,0.0,0
1146,10184,1083.0,503.0,294.0,1963,83.0,1963,580.0,75
1207,9510,1135.0,434.0,264.0,1962,77.0,1985,701.0,240
1773,10800,1313.0,400.0,418.0,1961,80.0,1992,913.0,98
1472,11650,0.0,0.0,484.0,1959,86.0,1959,0.0,68
2448,18275,1438.0,802.0,441.0,1962,70.04995836802664,1998,636.0,102
1521,12144,910.0,455.0,597.0,1950,60.0,1950,455.0,0
1040,8544,0.0,0.0,400.0,1950,60.0,1950,0.0,0
1556,8512,1556.0,1556.0,0.0,1960,75.0,1960,0.0,0
1150,7000,1150.0,369.0,288.0,1961,70.0,1961,781.0,0
1045,7400,1045.0,236.0,528.0,1962,74.0,1962,809.0,0
864,7000,864.0,396.0,336.0,1962,70.0,1962,468.0,0
1025,7000,1025.0,72.0,0.0,1962,70.0,1962,953.0,80
2014,9856,716.0,716.0,624.0,1900,62.0,2005,0.0,72
1668,9600,1212.0,936.0,240.0,1948,60.0,1950,276.0,0
1657,5520,1147.0,863.0,162.0,1920,60.0,1980,284.0,0
1416,9600,780.0,399.0,400.0,1900,60.0,2004,381.0,24
1428,6451,712.0,504.0,576.0,1900,58.0,1970,208.0,0
1004,3960,502.0,502.0,200.0,1930,66.0,1950,0.0,0
1951,7745,938.0,938.0,576.0,1900,56.0,1950,0.0,6
1032,7741,1032.0,817.0,280.0,1924,56.0,1950,143.0,0
844,5633,844.0,844.0,216.0,1925,50.0,1950,0.0,81
864,7200,576.0,576.0,528.0,1950,60.0,1950,0.0,0
1376,7614,738.0,738.0,216.0,1905,42.0,1950,0.0,0
960,6000,960.0,384.0,576.0,1955,50.0,1955,576.0,0
1566,6000,816.0,816.0,450.0,1924,50.0,1950,0.0,0
492,7830,492.0,76.0,200.0,1921,52.0,1950,416.0,0
1182,9576,770.0,460.0,378.0,1945,56.0,1950,310.0,0
840,5747,798.0,798.0,250.0,1920,48.0,1950,0.0,0
2104,6300,1226.0,1226.0,432.0,1910,70.0,2005,0.0,341
1248,5976,624.0,624.0,0.0,1920,33.0,1950,0.0,130
960,9750,960.0,960.0,624.0,1958,65.0,1958,0.0,0
1020,4761,1020.0,1020.0,0.0,1918,63.0,1950,0.0,0
1827,11737,848.0,848.0,240.0,1924,69.0,1996,0.0,36
1162,6120,728.0,381.0,258.0,1930,51.0,1950,347.0,24
1324,6120,741.0,741.0,180.0,1930,51.0,1984,0.0,0
816,11672,816.0,816.0,210.0,1925,50.0,1950,0.0,0
2486,33120,1595.0,1595.0,576.0,1962,90.0,1962,0.0,0
1430,10320,596.0,596.0,370.0,1924,60.0,1950,0.0,0
1330,7518,396.0,396.0,390.0,1910,60.0,2004,0.0,72
819,9000,610.0,610.0,0.0,1919,50.0,1950,0.0,0
984,7200,984.0,641.0,308.0,1930,60.0,1950,343.0,0
1422,12375,806.0,477.0,288.0,1951,82.0,1951,329.0,0
1921,11136,1921.0,1921.0,576.0,1964,120.0,1964,0.0,180
1640,21370,0.0,0.0,394.0,1950,100.0,1950,0.0,0
1032,8250,0.0,0.0,260.0,1935,55.0,1950,0.0,0
879,5220,830.0,830.0,180.0,1936,50.0,1950,0.0,108
1073,5500,1073.0,190.0,246.0,2004,50.0,2004,510.0,120
1064,11327,1064.0,285.0,528.0,1967,70.04995836802664,1967,779.0,48
934,10366,912.0,456.0,336.0,1964,80.0,1964,456.0,0
1059,9000,1059.0,286.0,286.0,1966,75.0,1966,773.0,88
1458,9535,1176.0,0.0,512.0,1967,70.04995836802664,1967,194.0,0
1040,7176,960.0,166.0,616.0,1978,70.04995836802664,1978,794.0,0
1967,9662,1967.0,1967.0,580.0,1977,70.04995836802664,1977,0.0,0
1949,8235,1949.0,1466.0,586.0,1977,75.0,1977,483.0,0
872,17529,872.0,872.0,322.0,1924,70.04995836802664,1950,0.0,0
1830,20355,1865.0,229.0,521.0,1967,70.04995836802664,1967,810.0,115
1000,13050,1000.0,46.0,575.0,1963,87.0,1963,104.0,0
810,10820,782.0,88.0,576.0,1971,72.0,1972,535.0,0
1700,1700,430.0,33.0,450.0,1980,70.04995836802664,1981,397.0,36
1350,9375,967.0,168.0,504.0,1954,75.0,1954,799.0,0
1150,6488,799.0,569.0,215.0,1942,62.0,1950,230.0,0
2009,19950,672.0,672.0,795.0,1928,114.0,1950,0.0,42
3672,19800,1836.0,1411.0,836.0,1935,60.0,1990,425.0,80
1560,11679,1776.0,0.0,528.0,1962,78.0,1962,612.0,253
1488,12048,0.0,0.0,569.0,1952,80.0,2002,0.0,189
1057,10519,1057.0,1057.0,288.0,1955,70.0,1999,0.0,0
1609,9525,1000.0,532.0,305.0,1953,75.0,1953,468.0,0
2559,12128,868.0,319.0,506.0,1989,88.0,1989,549.0,245
1440,9069,1344.0,0.0,920.0,1993,73.0,1993,261.0,0
1876,11003,1308.0,1308.0,848.0,2005,133.0,2006,0.0,40
1208,7488,1208.0,815.0,632.0,2005,64.0,2005,393.0,58
1846,13377,1836.0,260.0,495.0,2006,90.0,2006,1576.0,32
1590,11645,1570.0,448.0,754.0,2005,78.0,2006,1122.0,80
1809,10984,945.0,945.0,638.0,2005,91.0,2006,0.0,54
1614,9316,1614.0,1558.0,576.0,2005,78.0,2005,56.0,45
1596,9316,784.0,784.0,610.0,2005,78.0,2005,0.0,45
1388,12000,1388.0,535.0,522.0,1968,80.0,1968,853.0,58
1100,13015,1100.0,1100.0,462.0,1996,95.0,1996,0.0,0
1499,12438,781.0,781.0,473.0,1995,65.0,1995,0.0,91
1425,8685,1425.0,579.0,591.0,1998,70.04995836802664,1998,846.0,130
1749,9272,842.0,342.0,515.0,1999,68.0,1999,500.0,85
1779,13426,951.0,57.0,586.0,1999,72.0,2000,894.0,107
1388,8340,675.0,166.0,317.0,1977,50.0,1977,509.0,36
1282,10385,995.0,0.0,672.0,1978,42.0,1978,595.0,0
864,7200,864.0,427.0,297.0,1972,60.0,1972,437.0,0
1762,9930,826.0,370.0,591.0,2002,70.04995836802664,2002,456.0,54
1755,9468,840.0,201.0,530.0,1999,45.0,1999,639.0,73
1358,11088,1348.0,476.0,418.0,2002,70.04995836802664,2002,872.0,166
1909,8726,872.0,872.0,529.0,2002,70.0,2002,0.0,108
2214,10566,1090.0,170.0,646.0,1999,67.0,1999,920.0,80
2049,21533,1065.0,1065.0,467.0,1996,70.04995836802664,1997,0.0,48
1939,11250,1054.0,258.0,555.0,1998,90.0,1998,796.0,84
1995,11250,930.0,245.0,610.0,1995,90.0,1996,685.0,170
848,4435,848.0,131.0,420.0,2003,37.0,2003,717.0,0
1390,8810,1390.0,390.0,545.0,2003,70.0,2003,1000.0,68
1737,8581,851.0,851.0,578.0,2006,74.0,2006,0.0,105
1611,8400,784.0,784.0,572.0,2005,70.0,2005,0.0,36
1336,8772,1336.0,340.0,502.0,2005,65.0,2006,996.0,43
1436,8777,676.0,166.0,528.0,1910,67.0,2000,173.0,0
1012,7840,976.0,0.0,0.0,1975,38.0,1975,976.0,0
1176,16133,1176.0,329.0,360.0,1969,73.0,1969,847.0,92
1724,7162,796.0,796.0,616.0,2003,62.0,2004,0.0,57
914,8050,914.0,142.0,0.0,2002,75.0,2002,475.0,0
2314,11060,1150.0,1150.0,502.0,2003,90.0,2005,0.0,274
1072,3675,547.0,0.0,525.0,2005,35.0,2006,547.0,44
1709,2522,970.0,970.0,380.0,2004,24.0,2004,0.0,40
936,6956,624.0,624.0,265.0,1948,56.0,1950,0.0,0
1338,7822,832.0,832.0,528.0,1915,72.0,1950,0.0,0
1669,8707,1093.0,1093.0,288.0,1924,62.0,1950,0.0,0
1482,16012,954.0,263.0,609.0,1954,60.0,1968,691.0,30
1414,8248,864.0,864.0,0.0,1922,45.0,1950,0.0,0
498,8088,498.0,498.0,216.0,1922,60.0,1955,0.0,0
1273,11388,616.0,616.0,275.0,1910,76.0,1993,0.0,0
1551,10890,1058.0,128.0,240.0,1938,60.0,1950,930.0,0
1340,6430,780.0,0.0,440.0,1945,58.0,1950,780.0,0
1479,7000,624.0,200.0,312.0,1926,43.0,1997,424.0,0
1510,4899,755.0,450.0,216.0,1920,69.0,1950,305.0,0
1636,9399,818.0,818.0,288.0,1919,54.0,1950,0.0,0
1465,10164,992.0,346.0,240.0,1939,84.0,1950,646.0,126
1288,6191,824.0,440.0,240.0,1941,51.0,1950,384.0,0
1550,21780,817.0,817.0,318.0,1920,66.0,1950,0.0,0
1717,12400,901.0,299.0,410.0,1940,80.0,1950,602.0,0
1671,8170,1022.0,496.0,451.0,1929,81.0,1950,526.0,0
1609,12320,637.0,637.0,579.0,1932,70.0,1990,0.0,0
1801,14210,697.0,697.0,365.0,1930,70.0,1959,0.0,90
2315,15600,1168.0,408.0,342.0,1950,78.0,1963,760.0,0
976,7288,976.0,671.0,215.0,1942,50.0,1950,305.0,0
1285,7000,861.0,487.0,506.0,1926,50.0,1950,374.0,0
672,8534,432.0,432.0,0.0,1925,61.0,1950,0.0,0
641,7030,641.0,641.0,272.0,1925,50.0,1950,0.0,0
1638,9060,967.0,967.0,384.0,1957,75.0,1957,0.0,21
729,12366,0.0,0.0,0.0,1945,69.0,1950,0.0,0
1396,9000,660.0,660.0,0.0,1951,50.0,1951,0.0,0
936,8520,216.0,216.0,0.0,1916,60.0,1950,0.0,0
1778,5748,1573.0,0.0,495.0,2005,41.0,2006,1573.0,53
1646,3842,1594.0,30.0,525.0,2004,44.0,2005,1564.0,53
1625,23580,1625.0,849.0,576.0,1979,69.0,1979,776.0,28
1664,8385,1664.0,1664.0,616.0,1978,65.0,1978,0.0,0
1491,9116,1491.0,1491.0,490.0,2001,70.0,2001,0.0,100
1210,11080,1128.0,552.0,528.0,1975,140.0,1975,576.0,0
1650,50102,1632.0,723.0,518.0,1958,70.04995836802664,1958,909.0,0
1403,8098,1381.0,129.0,470.0,2000,70.04995836802664,2000,1136.0,173
1960,13618,1728.0,378.0,714.0,2005,95.0,2006,1350.0,38
1838,11577,1838.0,383.0,682.0,2005,88.0,2006,1455.0,225
1600,31250,0.0,0.0,270.0,1951,125.0,1951,0.0,0
1368,7020,1288.0,45.0,784.0,1997,78.0,1997,1243.0,48
1304,2665,264.0,264.0,336.0,1977,41.0,1977,0.0,0
874,10172,864.0,423.0,288.0,1968,58.0,2003,441.0,120
1652,11836,1652.0,1503.0,928.0,1970,70.04995836802664,1970,149.0,0
630,1470,630.0,108.0,0.0,1970,21.0,1970,522.0,0
1092,1484,546.0,294.0,253.0,1972,21.0,1972,252.0,0
1360,13384,1104.0,641.0,336.0,1969,80.0,1979,119.0,0
1092,1533,546.0,138.0,286.0,1970,21.0,1970,408.0,0
1092,1526,546.0,546.0,0.0,1970,21.0,1970,0.0,34
1092,1936,546.0,546.0,0.0,1970,21.0,1970,0.0,0
1092,1894,546.0,294.0,286.0,1970,21.0,1970,252.0,24
1224,20000,1224.0,0.0,576.0,1960,160.0,1996,1224.0,0
970,10441,912.0,575.0,0.0,1992,62.0,1992,337.0,32
2000,9627,996.0,238.0,650.0,1993,74.0,1994,758.0,48
